date_time,air_temp_set_1,air_temp_set_2,air_temp_set_3,air_temp_set_4,relative_humidity_set_1,wind_speed_set_1,wind_direction_set_1,wind_gust_set_1,solar_radiation_set_1,precip_accum_30_minute_set_1,soil_temp_set_1,soil_temp_set_2,soil_temp_set_5,soil_temp_set_3,soil_temp_set_6,soil_temp_set_4,soil_moisture_set_1,soil_moisture_set_2,soil_moisture_set_3,soil_moisture_set_4,precip_accum_five_minute_set_1,wind_cardinal_direction_set_1d,dew_point_temperature_set_1d,heat_index_set_1d
2024-05-11 14:00,67.64,68.0,67.64,66.92,35.06,17.69,307.0,25.85,950.0,0.0,61.88,61.7,69.62,62.24,57.92,60.08,28.1,32.8,31.6,44.4,,NW,38.95,
2024-05-11 14:30,68.36,68.9,68.54,67.64,33.33,17.88,308.0,26.63,1027.0,0.0,62.24,61.88,69.98,62.24,58.1,60.08,28.0,32.7,31.5,44.4,,NW,38.28,
2024-05-11 15:00,68.72,68.9,68.72,68.0,33.47,17.3,307.0,26.82,887.0,0.0,62.6,62.06,70.52,62.24,58.28,59.9,28.0,32.7,31.5,44.4,,NW,38.71,
2024-05-11 15:30,69.08,69.44,69.26,68.54,32.92,16.91,303.0,24.88,860.0,0.0,62.96,62.42,70.88,62.24,58.46,59.9,27.9,32.6,31.4,44.4,,WNW,38.61,
2024-05-11 16:00,69.62,69.62,69.62,68.9,31.58,15.94,309.0,26.24,741.0,0.0,63.32,62.6,71.24,62.42,58.82,59.9,27.9,32.6,31.4,44.4,,NW,38.03,
2024-05-11 16:30,70.16,70.34,70.16,69.62,31.75,14.97,309.0,23.13,728.0,0.0,63.68,62.96,71.6,62.42,59.0,59.9,27.9,32.6,31.3,44.4,,NW,38.64,
2024-05-11 17:00,69.98,69.62,69.98,69.62,30.8,15.94,306.0,26.24,522.0,0.0,64.04,63.14,71.78,62.6,59.18,59.9,27.9,32.5,31.3,44.4,,NW,37.71,
2024-05-11 17:30,70.88,70.88,70.88,70.52,29.34,16.33,314.0,25.27,627.0,0.0,64.22,63.32,71.96,62.6,59.36,59.9,27.8,32.5,31.3,44.4,,NW,37.26,
2024-05-11 18:00,70.7,70.52,70.7,70.34,29.57,14.77,311.0,22.74,534.0,0.0,64.22,63.5,71.96,62.78,59.54,59.9,27.8,32.5,31.2,44.3,,NW,37.29,
2024-05-11 18:30,70.16,69.26,69.8,69.8,29.08,14.97,310.0,23.13,312.0,0.0,64.22,63.68,71.96,62.78,59.72,59.9,27.7,32.5,31.2,44.3,,NW,36.41,
2024-05-11 19:00,70.7,69.98,70.34,70.16,28.91,13.02,310.0,21.97,369.0,0.0,64.22,63.68,71.78,62.96,59.72,59.9,27.7,32.4,31.2,44.3,,NW,36.73,
2024-05-11 19:30,69.62,68.54,69.26,69.26,29.55,12.63,316.0,18.47,240.0,0.0,64.22,63.68,71.42,62.96,59.72,59.9,27.6,32.4,31.1,44.3,,NW,36.34,
2024-05-11 20:00,68.9,67.64,68.36,68.54,30.29,11.27,317.0,17.69,163.0,0.0,64.04,63.68,71.24,63.14,59.72,59.9,27.6,32.4,31.1,44.3,,NW,36.34,
2024-05-11 20:30,66.92,65.3,66.2,66.56,34.22,7.39,328.0,12.63,75.0,0.0,63.86,63.68,71.06,63.14,59.72,59.9,27.6,32.3,31.1,44.3,,NNW,37.69,
2024-05-11 21:00,63.68,61.88,62.96,63.68,43.78,5.64,14.0,9.14,13.0,0.0,63.68,63.5,70.7,63.14,59.54,59.9,27.6,32.3,31.1,44.3,,NNE,41.11,
2024-05-11 21:30,59.18,57.74,58.64,59.54,55.23,2.33,40.0,4.08,0.0,0.0,63.5,63.5,70.34,63.32,59.54,59.9,27.5,32.4,31.1,44.3,,NE,43.02,
2024-05-11 22:00,57.56,55.58,57.02,58.28,60.87,3.3,54.0,5.25,0.0,0.0,63.32,63.32,70.16,63.32,59.36,59.9,27.5,32.3,31.1,44.3,,NE,44.04,
2024-05-11 22:30,57.2,55.04,56.3,57.74,61.87,2.14,59.0,3.3,0.0,0.0,62.96,63.14,69.8,63.32,59.18,59.9,27.5,32.3,31.1,44.3,,ENE,44.13,
2024-05-11 23:00,55.22,51.98,53.78,55.76,66.44,0.58,71.0,1.75,0.0,0.0,62.78,62.96,69.44,63.32,59.0,59.9,27.5,32.3,31.1,44.3,,ENE,44.13,
2024-05-11 23:30,53.78,49.28,52.7,55.22,70.21,0.78,128.0,1.56,0.0,0.0,62.42,62.78,69.08,63.32,58.82,59.9,27.4,32.3,31.1,44.3,,SE,44.22,
2024-05-12 00:00,52.88,48.74,52.16,53.96,74.26,0.39,164.0,1.56,0.0,0.0,62.24,62.6,68.72,63.32,58.64,59.9,27.4,32.2,31.1,44.3,,SSE,44.83,
2024-05-12 00:30,51.08,48.02,50.72,52.52,80.31,0.78,165.0,1.75,0.0,0.0,61.88,62.42,68.36,63.32,58.46,59.9,27.4,32.2,31.1,44.3,,SSE,45.16,
2024-05-12 01:00,49.82,46.94,49.1,50.54,82.79,0.39,104.0,1.17,0.0,0.0,61.52,62.24,68.0,63.14,58.28,59.9,27.4,32.2,31.1,44.3,,ESE,44.74,
2024-05-12 01:30,48.74,46.22,48.02,48.92,85.47,0.0,,0.0,0.0,0.0,61.34,61.88,67.82,63.14,58.1,59.9,27.3,32.2,31.1,44.3,,,44.53,
2024-05-12 02:00,48.2,45.86,47.3,48.56,87.72,0.39,141.0,1.17,0.0,0.0,60.98,61.7,67.46,63.14,57.92,59.9,27.3,32.1,31.1,44.3,,SE,44.69,
2024-05-12 02:30,48.38,45.68,48.02,49.46,87.83,0.97,188.0,1.75,0.0,0.0,60.8,61.52,67.1,62.96,57.56,59.9,27.3,32.1,31.1,44.3,,S,44.91,
2024-05-12 03:00,48.2,45.32,47.48,48.92,86.09,0.19,199.0,1.36,0.0,0.0,60.44,61.34,66.92,62.96,57.38,59.9,27.2,32.1,31.1,44.3,,SSW,44.19,
2024-05-12 03:30,46.94,44.78,45.5,47.48,89.91,0.19,81.0,2.14,0.0,0.0,60.26,60.98,66.74,62.78,57.2,59.9,27.2,32.1,31.1,44.3,,E,44.1,
2024-05-12 04:00,46.76,44.96,46.04,47.3,90.83,1.17,189.0,2.33,0.0,0.0,59.9,60.8,66.38,62.78,57.02,59.9,27.2,32.1,31.1,44.3,,S,44.19,
2024-05-12 04:30,45.86,44.06,45.14,46.4,90.48,1.17,50.0,3.3,0.0,0.0,59.72,60.62,66.02,62.6,56.84,59.9,27.2,32.0,31.1,44.4,,NE,43.2,
2024-05-12 05:00,46.04,44.06,45.32,46.58,91.51,1.36,95.0,2.53,0.0,0.0,59.54,60.44,65.84,62.42,56.66,59.9,27.2,32.0,31.1,44.4,,E,43.68,
2024-05-12 05:30,46.04,43.16,45.5,46.58,91.51,0.78,197.0,2.53,0.0,0.0,59.18,60.26,65.66,62.42,56.48,59.9,27.2,32.0,31.0,44.4,,SSW,43.68,
2024-05-12 06:00,45.86,43.16,45.32,46.58,92.38,0.97,185.0,2.72,0.0,0.0,59.0,60.08,65.3,62.24,56.3,59.9,27.1,32.0,31.0,44.4,,S,43.75,
2024-05-12 06:30,45.5,43.52,45.32,46.94,91.35,1.36,173.0,2.72,0.0,0.0,58.82,59.9,65.12,62.24,56.12,59.9,27.2,31.9,31.0,44.4,,S,43.09,
2024-05-12 07:00,46.4,43.88,45.68,47.3,91.59,0.97,156.0,1.75,24.0,0.0,58.64,59.72,64.94,62.06,55.94,59.9,27.1,32.0,31.0,44.4,,SSE,44.06,
2024-05-12 07:30,50.0,46.04,47.48,48.56,85.37,1.17,161.0,1.75,91.0,0.0,58.46,59.54,64.76,61.88,55.76,59.9,27.1,31.9,31.0,44.3,,SSE,45.73,
2024-05-12 08:00,54.68,50.72,51.8,52.34,76.03,2.92,173.0,6.03,177.0,0.0,58.28,59.36,64.58,61.88,55.58,59.9,27.1,31.9,31.0,44.3,,S,47.21,
2024-05-12 08:30,57.56,55.22,55.76,55.76,69.14,3.89,178.0,6.22,270.0,0.0,58.1,59.18,64.58,61.7,55.4,59.9,27.1,31.9,31.0,44.3,,S,47.43,
2024-05-12 09:00,60.62,58.82,58.82,58.64,62.22,4.86,176.0,8.94,363.0,0.0,58.1,59.0,64.58,61.52,55.22,59.9,27.1,31.9,31.0,44.3,,S,47.53,
2024-05-12 09:30,62.42,61.34,61.16,60.8,58.85,6.41,179.0,10.69,464.0,0.0,58.1,59.0,64.76,61.52,55.22,59.9,27.1,31.8,31.0,44.3,,S,47.73,
2024-05-12 10:00,64.76,64.22,64.04,63.5,54.07,7.0,178.0,12.63,572.0,0.0,58.28,59.0,64.94,61.34,55.22,59.9,27.1,31.8,31.0,44.3,,S,47.66,
2024-05-12 10:30,67.1,66.74,66.38,65.84,47.14,7.0,179.0,10.89,671.0,0.0,58.46,59.0,65.3,61.34,55.22,59.9,27.1,31.8,30.9,44.3,,S,46.18,
2024-05-12 11:00,69.08,68.9,68.54,68.0,41.56,6.8,188.0,12.25,751.0,0.0,58.64,59.0,65.84,61.16,55.22,59.9,27.1,31.8,30.9,44.3,,S,44.65,
2024-05-12 11:30,71.06,70.7,70.34,69.8,37.31,6.8,185.0,11.08,834.0,0.0,59.0,59.18,66.38,61.16,55.4,59.9,27.1,31.8,30.8,44.3,,S,43.61,
2024-05-12 12:00,72.5,72.14,71.6,71.24,34.93,7.39,187.0,12.44,901.0,0.0,59.54,59.36,67.1,61.16,55.58,59.72,27.0,31.8,30.8,44.3,,S,43.18,
2024-05-12 12:30,73.4,73.4,72.86,72.5,32.27,6.61,204.0,12.83,955.0,0.0,59.9,59.72,68.0,61.16,55.94,59.72,27.0,31.8,30.7,44.3,,SSW,41.9,
2024-05-12 13:00,74.84,74.84,74.12,73.76,31.08,6.41,205.0,11.86,994.0,0.0,60.62,60.08,68.9,60.98,56.3,59.72,27.0,31.8,30.7,44.3,,SSW,42.21,
2024-05-12 13:30,76.1,75.74,75.02,74.66,30.62,6.22,204.0,14.77,1013.0,0.0,61.16,60.44,69.8,61.16,56.66,59.72,26.9,31.7,30.6,44.2,,SSW,42.93,
2024-05-12 14:00,77.0,76.82,76.1,75.74,29.97,6.8,198.0,14.0,1018.0,0.0,61.88,60.8,70.88,61.16,57.2,59.72,26.9,31.7,30.5,44.2,,SSW,43.14,
2024-05-12 14:30,77.72,77.54,76.82,76.46,29.54,6.22,219.0,13.41,1008.0,0.0,62.6,61.34,71.78,61.16,57.56,59.72,26.9,31.7,30.5,44.2,,SW,43.39,
2024-05-12 15:00,78.62,78.62,77.9,77.54,30.45,6.8,233.0,17.88,981.0,0.0,63.5,61.88,72.86,61.34,58.1,59.72,26.9,31.7,30.4,44.2,,SW,44.98,
2024-05-12 15:30,79.7,79.34,78.98,78.44,28.9,6.8,221.0,15.16,949.0,0.0,64.22,62.42,74.12,61.34,58.64,59.72,26.9,31.6,30.3,44.2,,SW,44.55,
2024-05-12 16:00,80.96,80.42,79.88,79.52,27.98,6.22,227.0,14.38,911.0,0.0,65.12,63.14,75.38,61.52,59.18,59.54,26.8,31.6,30.3,44.1,,SW,44.8,79.65
2024-05-12 16:30,81.14,80.24,80.06,79.88,26.72,6.22,223.0,13.41,727.0,0.0,65.84,63.68,76.46,61.7,59.72,59.54,26.8,31.6,30.2,44.1,,SW,43.75,79.68
2024-05-12 17:00,82.22,81.32,80.78,80.42,26.6,6.22,199.0,12.63,742.0,0.0,66.38,64.22,77.0,61.88,60.26,59.54,26.8,31.6,30.2,44.1,,SSW,44.56,80.38
2024-05-12 17:30,80.96,80.24,80.42,80.42,27.62,6.61,221.0,11.47,564.0,0.0,66.92,64.76,77.36,62.24,60.8,59.54,26.7,31.6,30.2,44.1,,SW,44.46,79.63
2024-05-12 18:00,81.14,80.24,80.6,80.6,27.35,10.11,203.0,17.88,526.0,0.0,67.1,65.12,77.72,62.42,61.16,59.54,26.7,31.6,30.2,44.1,,SSW,44.37,79.72
2024-05-12 18:30,80.42,79.34,80.06,80.06,27.97,7.58,198.0,15.36,358.0,0.0,67.46,65.48,77.9,62.6,61.52,59.54,26.6,31.6,30.2,44.1,,SSW,44.33,79.48
2024-05-12 19:00,80.96,79.7,80.24,80.6,26.87,8.55,207.0,14.97,367.0,0.0,67.46,65.66,77.72,62.96,61.7,59.54,26.6,31.6,30.1,44.1,,SSW,43.75,79.57
2024-05-12 19:30,80.06,78.44,79.52,79.88,27.64,7.78,205.0,12.63,239.0,0.0,67.28,65.84,77.36,63.14,61.88,59.54,26.5,31.5,30.1,44.1,,SSW,43.7,79.07
2024-05-12 20:00,78.44,76.82,77.9,78.44,30.42,7.78,208.0,12.05,138.0,0.0,67.28,65.84,77.18,63.32,61.88,59.54,26.5,31.5,30.1,44.1,,SSW,44.8,
2024-05-12 20:30,76.82,75.02,76.28,76.82,33.76,8.36,197.0,13.8,71.0,0.0,66.92,65.84,76.82,63.5,61.88,59.54,26.5,31.5,30.1,44.1,,SSW,46.11,
2024-05-12 21:00,74.66,73.22,74.48,75.2,37.2,7.19,194.0,12.05,13.0,0.0,66.74,65.84,76.46,63.68,61.88,59.54,26.5,31.5,30.1,44.1,,SSW,46.76,
2024-05-12 21:30,73.22,72.14,73.22,73.94,38.57,8.16,194.0,13.02,0.0,0.0,66.56,65.84,76.1,63.86,61.88,59.54,26.4,31.5,30.1,44.1,,SSW,46.42,
2024-05-12 22:00,71.78,70.34,71.6,72.32,41.13,6.41,190.0,10.5,0.0,0.0,66.2,65.66,75.56,63.86,61.7,59.54,26.3,31.5,30.2,44.1,,S,46.83,
2024-05-12 22:30,69.98,68.54,69.98,70.88,44.4,5.44,189.0,8.36,0.0,0.0,65.84,65.48,75.2,64.04,61.52,59.54,26.3,31.4,30.2,44.1,,S,47.23,
2024-05-12 23:00,69.08,67.64,69.08,69.8,46.09,5.64,196.0,8.55,0.0,0.0,65.66,65.3,74.84,64.04,61.34,59.54,26.2,31.4,30.2,44.1,,SSW,47.39,
2024-05-12 23:30,68.36,66.74,68.18,68.9,47.88,5.25,199.0,8.16,0.0,0.0,65.3,65.12,74.48,64.04,61.34,59.54,26.2,31.4,30.2,44.1,,SSW,47.75,
2024-05-13 00:00,67.1,64.94,66.92,67.82,50.44,4.47,196.0,6.41,0.0,0.0,65.12,64.94,74.12,64.04,61.16,59.54,26.3,31.4,30.2,44.1,,SSW,47.98,
2024-05-13 00:30,66.02,64.22,66.02,66.92,53.21,4.28,190.0,6.61,0.0,0.0,64.94,64.76,73.76,64.22,60.98,59.54,26.2,31.4,30.2,44.1,,S,48.42,
2024-05-13 01:00,65.48,63.5,65.48,66.38,53.49,4.28,193.0,7.19,0.0,0.0,64.58,64.58,73.4,64.22,60.8,59.72,26.2,31.4,30.2,44.1,,SSW,48.04,
2024-05-13 01:30,64.04,62.24,63.86,64.94,57.64,3.69,185.0,5.25,0.0,0.0,64.4,64.4,73.04,64.04,60.62,59.72,26.2,31.3,30.2,44.1,,S,48.7,
2024-05-13 02:00,62.78,60.98,62.78,63.86,60.51,4.08,185.0,6.61,0.0,0.0,64.22,64.22,72.68,64.04,60.44,59.72,26.1,31.3,30.1,44.1,,S,48.83,
2024-05-13 02:30,62.6,61.16,62.6,63.5,60.31,5.05,191.0,7.39,0.0,0.0,63.86,64.22,72.32,64.04,60.26,59.72,26.1,31.3,30.1,44.1,,S,48.56,
2024-05-13 03:00,62.24,60.8,62.06,62.96,61.78,4.67,186.0,7.0,0.0,0.0,63.68,64.04,71.96,64.04,60.08,59.72,26.0,31.2,30.1,44.1,,S,48.87,
2024-05-13 03:30,61.16,59.9,61.16,62.06,64.13,4.28,183.0,6.61,0.0,0.0,63.5,63.86,71.6,64.04,59.9,59.72,26.0,31.2,30.1,44.1,,S,48.85,
2024-05-13 04:00,60.98,59.54,60.8,61.7,64.29,4.47,185.0,6.61,0.0,0.0,63.32,63.68,71.42,64.04,59.72,59.72,26.0,31.2,30.1,44.1,,S,48.74,
2024-05-13 04:30,59.72,57.92,59.72,60.98,66.86,3.3,175.0,5.44,0.0,0.0,63.14,63.5,70.88,63.86,59.54,59.9,25.9,31.2,30.1,44.1,,S,48.6,
2024-05-13 05:00,59.0,57.02,59.18,60.08,68.82,3.5,165.0,5.44,0.0,0.0,62.96,63.32,70.7,63.86,59.54,59.9,26.0,31.2,30.1,44.1,,SSE,48.69,
2024-05-13 05:30,58.46,56.48,58.64,59.72,69.46,3.3,161.0,5.25,0.0,0.0,62.78,63.14,70.34,63.86,59.36,59.9,26.0,31.2,30.1,44.1,,SSE,48.42,
2024-05-13 06:00,57.92,55.94,57.74,59.18,70.73,3.3,176.0,4.47,0.0,0.0,62.6,62.96,69.98,63.68,59.18,59.9,26.0,31.2,30.1,44.1,,S,48.4,
2024-05-13 06:30,57.56,55.76,57.56,58.82,72.05,2.92,173.0,5.05,0.0,0.0,62.42,62.78,69.8,63.68,59.0,59.9,26.0,31.1,30.0,44.1,,S,48.54,
2024-05-13 07:00,58.46,56.66,58.28,59.0,70.06,2.92,167.0,5.25,25.0,0.0,62.24,62.6,69.44,63.68,58.82,59.9,26.0,31.1,30.0,44.1,,SSE,48.65,
2024-05-13 07:30,60.98,58.64,59.72,60.08,65.03,3.69,171.0,5.83,98.0,0.0,62.06,62.6,68.9,63.5,58.64,59.9,25.9,31.1,30.0,44.1,,S,49.06,
2024-05-13 08:00,62.96,61.16,61.52,61.7,61.93,4.86,180.0,7.97,183.0,0.0,61.88,62.42,68.72,63.5,58.64,59.9,25.9,31.1,30.0,44.1,,S,49.62,
2024-05-13 08:30,64.94,63.5,63.5,63.5,60.0,5.64,181.0,9.91,275.0,0.0,61.7,62.24,68.72,63.32,58.46,59.9,25.9,31.1,30.0,44.1,,S,50.63,
2024-05-13 09:00,66.92,66.2,66.02,65.84,58.67,7.0,185.0,10.5,376.0,0.0,61.7,62.06,68.72,63.32,58.28,59.9,25.8,31.1,30.0,44.1,,S,51.89,
2024-05-13 09:30,69.62,69.26,69.08,68.72,56.68,7.39,193.0,12.05,480.0,0.0,61.7,62.06,68.72,63.14,58.28,59.9,25.8,31.0,30.0,44.1,,SSW,53.49,
2024-05-13 10:00,71.42,71.24,70.88,70.52,55.73,7.39,192.0,12.25,566.0,0.0,61.7,62.06,68.9,63.14,58.28,59.9,25.8,31.0,29.9,44.1,,SSW,54.72,
2024-05-13 10:30,72.86,72.86,72.5,71.96,53.99,8.75,196.0,13.22,665.0,0.0,61.88,62.06,69.26,63.14,58.28,60.08,25.8,31.0,29.9,44.1,,SSW,55.18,
2024-05-13 11:00,73.94,73.94,73.58,73.22,53.15,7.58,196.0,12.05,648.0,0.0,62.24,62.06,69.8,62.96,58.28,60.08,25.8,30.9,29.8,44.1,,SSW,55.76,
2024-05-13 11:30,75.92,75.92,75.56,75.2,51.48,8.75,202.0,15.94,820.0,0.0,62.42,62.24,70.34,62.96,58.46,60.08,25.7,30.9,29.8,44.1,,SSW,56.71,
2024-05-13 12:00,77.72,77.72,77.36,77.0,49.38,8.94,198.0,16.33,909.0,0.0,62.78,62.42,71.06,62.96,58.64,60.08,25.7,30.9,29.7,44.1,,SSW,57.22,
2024-05-13 12:30,77.54,76.82,77.0,76.82,48.76,10.3,185.0,15.94,577.0,0.0,63.32,62.78,71.78,62.96,59.0,60.08,25.7,30.9,29.6,44.1,,S,56.71,
2024-05-13 13:00,77.72,77.18,77.18,76.82,48.62,9.91,183.0,20.22,709.0,0.0,63.86,62.96,72.68,62.96,59.18,60.08,25.7,30.9,29.6,44.1,,S,56.8,
2024-05-13 13:30,78.62,78.08,78.08,77.54,45.67,11.27,181.0,21.19,768.0,0.0,64.22,63.32,73.58,62.96,59.54,60.08,25.7,30.9,29.5,44.0,,S,55.89,
2024-05-13 14:00,78.08,77.54,77.54,77.36,46.5,11.08,184.0,18.86,606.0,0.0,64.58,63.68,74.3,62.96,59.9,60.08,25.6,30.8,29.5,44.0,,S,55.89,
2024-05-13 14:30,78.98,78.62,78.44,77.9,46.15,11.47,183.0,19.24,891.0,0.0,65.12,64.04,75.2,63.14,60.08,60.08,25.6,30.8,29.4,44.0,,S,56.52,
2024-05-13 15:00,77.54,76.82,77.18,77.0,45.82,11.86,187.0,19.63,401.0,0.0,65.48,64.22,75.74,63.14,60.44,59.9,25.5,30.8,29.3,44.0,,S,54.99,
2024-05-13 15:30,75.56,74.84,75.38,75.38,50.17,12.25,209.0,19.05,278.0,0.0,65.84,64.58,76.28,63.32,60.8,59.9,25.5,30.8,29.3,44.0,,SSW,55.67,
2024-05-13 16:00,74.48,74.48,74.66,74.66,53.77,10.11,215.0,17.88,409.0,0.0,66.2,64.94,76.46,63.32,60.98,59.9,25.5,30.8,29.2,44.0,,SW,56.59,
2024-05-13 16:30,76.46,76.46,76.28,76.1,48.23,11.47,213.0,19.24,645.0,0.0,66.2,65.12,76.46,63.5,61.16,59.9,25.4,30.7,29.2,44.0,,SSW,55.42,
2024-05-13 17:00,76.46,75.92,76.28,76.28,43.09,10.5,213.0,18.47,415.0,0.0,66.38,65.3,76.64,63.68,61.34,59.9,25.4,30.7,29.2,44.0,,SSW,52.32,
2024-05-13 17:30,75.56,75.02,75.56,75.56,44.22,8.75,220.0,15.16,296.0,0.0,66.56,65.48,76.82,63.86,61.52,59.9,25.4,30.7,29.1,44.0,,SW,52.21,
2024-05-13 18:00,77.0,76.46,76.64,76.64,42.77,7.19,209.0,12.63,464.0,0.0,66.56,65.48,76.82,63.86,61.7,59.9,25.3,30.6,29.1,43.9,,SSW,52.61,
2024-05-13 18:30,76.46,75.38,75.92,76.1,41.67,7.0,199.0,11.66,192.0,0.0,66.56,65.66,76.82,64.04,61.7,59.9,25.3,30.6,29.1,43.9,,SSW,51.42,
2024-05-13 19:00,74.66,73.58,74.48,74.66,44.71,4.67,176.0,7.58,67.0,0.0,66.56,65.66,76.82,64.04,61.88,59.9,25.3,30.6,29.0,43.9,,S,51.69,
2024-05-13 19:30,73.4,72.5,73.04,73.4,47.5,4.86,111.0,8.16,30.0,0.0,66.56,65.84,76.82,64.22,61.88,60.08,25.3,30.6,29.0,43.9,,ESE,52.18,
2024-05-13 20:00,72.14,71.24,71.78,72.32,50.93,3.11,113.0,5.05,9.0,0.0,66.38,65.84,76.64,64.22,61.88,60.08,25.3,30.6,29.0,43.9,,ESE,52.92,
2024-05-13 20:30,71.42,70.34,71.24,71.78,53.05,2.33,137.0,4.86,4.0,0.0,66.38,65.84,76.46,64.4,61.88,60.08,25.3,30.6,29.0,43.9,,SE,53.37,
2024-05-13 21:00,70.52,69.08,70.34,71.06,55.29,1.36,130.0,2.72,1.0,0.0,66.2,65.84,76.1,64.4,61.88,60.08,25.2,30.6,29.0,44.0,,SE,53.65,
2024-05-13 21:30,69.62,68.54,69.08,69.98,59.11,2.33,107.0,4.08,0.0,0.0,66.02,65.66,75.92,64.58,61.7,60.08,25.1,30.6,29.1,44.0,,ESE,54.64,
2024-05-13 22:00,68.9,68.0,68.54,69.08,61.0,2.53,31.0,5.05,0.0,0.0,65.84,65.66,75.74,64.58,61.7,60.08,25.1,30.5,29.1,44.0,,NNE,54.82,
2024-05-13 22:30,68.0,66.92,67.82,68.18,63.68,3.11,63.0,5.25,0.0,0.0,65.84,65.48,75.38,64.58,61.7,60.08,25.1,30.6,29.1,44.0,,ENE,55.17,
2024-05-13 23:00,66.56,65.12,66.02,67.1,66.67,0.97,104.0,2.92,0.0,0.0,65.66,65.48,75.2,64.58,61.52,60.08,25.1,30.6,29.1,44.0,,ESE,55.06,
2024-05-13 23:30,67.64,66.92,67.82,68.18,64.94,6.03,232.0,16.33,0.0,0.0,65.48,65.3,75.02,64.58,61.34,60.08,25.1,30.6,29.1,44.0,,SW,55.36,
2024-05-14 00:00,64.04,63.68,63.86,63.86,81.86,10.5,286.0,16.13,0.0,0.0,65.3,65.3,74.84,64.58,61.34,60.08,25.1,30.5,29.1,44.0,,WNW,58.35,
2024-05-14 00:30,63.14,62.96,63.14,63.32,83.84,6.03,308.0,10.5,0.0,0.0,65.12,65.12,74.66,64.58,61.16,60.08,25.1,30.5,29.1,44.0,,NW,58.14,
2024-05-14 01:00,62.96,62.6,62.96,62.96,83.67,4.47,336.0,7.0,0.0,0.0,64.94,64.94,74.3,64.58,60.98,60.08,25.1,30.5,29.1,44.0,,NNW,57.9,
2024-05-14 01:30,62.78,62.42,62.78,62.78,84.1,3.69,6.0,6.8,0.0,0.0,64.76,64.94,74.12,64.58,60.98,60.26,25.0,30.5,29.0,44.0,,N,57.87,
2024-05-14 02:00,62.06,61.34,61.88,62.06,85.26,1.56,32.0,4.47,0.0,0.0,64.76,64.76,73.94,64.58,60.8,60.26,25.0,30.5,29.0,44.0,,NNE,57.54,
2024-05-14 02:30,62.06,61.34,61.88,62.24,85.26,1.75,305.0,3.3,0.0,0.0,64.58,64.58,73.76,64.58,60.62,60.26,25.0,30.5,29.0,44.0,,NW,57.54,
2024-05-14 03:00,62.42,61.88,62.24,62.24,85.42,0.97,3.0,3.3,0.0,0.0,64.4,64.58,73.58,64.58,60.62,60.26,25.0,30.5,29.0,44.0,,N,57.96,
2024-05-14 03:30,62.06,61.52,61.88,61.88,86.32,1.56,74.0,3.11,0.0,0.0,64.4,64.4,73.4,64.58,60.44,60.26,25.0,30.4,29.0,44.0,,ENE,57.9,
2024-05-14 04:00,61.34,60.62,61.16,61.52,87.63,1.36,121.0,2.14,0.0,0.0,64.22,64.4,73.22,64.4,60.44,60.26,25.0,30.4,29.0,44.0,,ESE,57.61,
2024-05-14 04:30,61.7,61.16,61.34,61.7,87.77,2.92,67.0,5.25,0.0,0.0,64.04,64.22,73.04,64.4,60.26,60.26,25.0,30.4,29.0,44.0,,ENE,58.01,
2024-05-14 05:00,61.52,60.8,61.16,61.52,88.17,2.33,104.0,4.67,0.0,0.0,64.04,64.22,72.86,64.4,60.26,60.26,24.9,30.4,29.0,44.0,,ESE,57.96,
2024-05-14 05:30,61.34,60.62,61.16,61.34,88.65,1.56,143.0,2.92,0.0,0.0,63.86,64.04,72.68,64.4,60.08,60.26,24.9,30.4,29.0,44.0,,SE,57.94,
2024-05-14 06:00,61.7,61.34,61.52,61.7,88.83,3.3,93.0,5.44,0.0,0.0,63.86,64.04,72.5,64.4,60.08,60.26,24.9,30.4,29.0,44.0,,E,58.35,
2024-05-14 06:30,61.34,60.8,60.98,61.34,89.73,2.33,104.0,3.69,0.0,0.0,63.68,63.86,72.5,64.22,59.9,60.26,24.9,30.4,29.0,44.0,,ESE,58.28,
2024-05-14 07:00,61.16,60.62,60.8,61.16,90.22,2.53,84.0,3.5,6.0,0.0,63.68,63.86,72.32,64.22,59.9,60.44,24.8,30.4,29.0,44.0,,E,58.24,
2024-05-14 07:30,61.34,60.8,60.98,61.16,90.27,2.53,111.0,3.69,31.0,0.0,63.5,63.68,72.14,64.22,59.72,60.44,24.9,30.4,29.0,44.0,,ESE,58.44,
2024-05-14 08:00,62.24,61.16,61.52,61.7,87.96,2.33,149.0,6.41,95.0,0.0,63.5,63.68,71.96,64.22,59.72,60.44,24.9,30.4,29.0,44.0,,SSE,58.6,
2024-05-14 08:30,63.14,62.24,62.6,62.6,82.74,4.86,137.0,8.36,125.0,0.0,63.32,63.5,71.96,64.04,59.54,60.44,24.9,30.4,29.0,44.0,,SE,57.76,
2024-05-14 09:00,63.68,63.14,63.14,62.96,80.2,5.05,139.0,7.97,183.0,0.0,63.32,63.5,71.96,64.04,59.54,60.44,24.9,30.4,29.0,44.0,,SE,57.42,
2024-05-14 09:30,64.94,64.22,63.86,63.68,77.14,4.67,148.0,7.78,239.0,0.0,63.32,63.5,71.96,64.04,59.54,60.44,24.9,30.4,29.0,44.0,,SSE,57.56,
2024-05-14 10:00,65.48,64.94,64.76,64.22,75.7,4.47,141.0,7.97,204.0,0.0,63.5,63.5,71.96,64.04,59.54,60.44,24.9,30.4,29.0,44.0,,SE,57.56,
2024-05-14 10:30,66.38,65.66,65.66,65.12,73.3,4.08,135.0,6.8,278.0,0.0,63.5,63.5,72.14,63.86,59.54,60.44,24.9,30.4,28.9,44.0,,SE,57.52,
2024-05-14 11:00,67.1,66.56,66.74,65.84,70.8,4.47,121.0,7.39,284.0,0.0,63.68,63.5,72.32,63.86,59.54,60.44,24.9,30.4,28.9,44.0,,ESE,57.25,
2024-05-14 11:30,67.64,67.46,68.0,66.92,68.7,5.25,89.0,9.14,345.0,0.0,63.86,63.5,72.5,63.86,59.54,60.44,24.9,30.4,28.9,44.0,,E,56.93,
2024-05-14 12:00,68.0,68.18,68.9,67.64,67.52,5.83,88.0,9.52,387.0,0.0,64.04,63.68,72.86,63.86,59.72,60.44,24.9,30.4,28.9,44.0,,E,56.79,
2024-05-14 12:30,68.72,68.72,69.44,68.18,66.67,6.03,94.0,9.72,356.0,0.0,64.22,63.86,73.04,63.86,59.72,60.44,24.9,30.3,28.8,44.0,,E,57.13,
2024-05-14 13:00,68.72,68.54,69.26,68.36,66.67,6.41,93.0,10.5,247.0,0.0,64.4,63.86,73.4,63.86,59.9,60.44,24.9,30.4,28.8,44.0,,E,57.13,
2024-05-14 13:30,68.36,67.82,68.54,68.0,68.64,5.64,110.0,10.11,124.0,0.0,64.76,64.04,73.76,63.86,60.08,60.44,24.9,30.4,28.8,44.0,,ESE,57.6,
2024-05-14 14:00,67.64,67.1,67.28,67.1,71.0,5.83,130.0,10.89,84.0,0.0,64.76,64.22,73.94,63.86,60.26,60.44,24.9,30.4,28.8,44.0,,SE,57.85,
2024-05-14 14:30,66.56,66.56,66.74,66.38,74.44,8.16,87.0,12.63,127.0,0.0,64.94,64.4,74.12,63.86,60.26,60.44,24.9,30.4,28.8,44.0,,E,58.14,
2024-05-14 15:00,65.3,65.3,65.66,64.94,80.75,8.75,97.0,13.61,254.0,0.0,64.94,64.4,74.12,64.04,60.44,60.44,24.9,30.4,28.8,44.0,,E,59.2,
2024-05-14 15:30,66.02,66.56,66.74,65.84,80.73,7.97,75.0,12.44,415.0,0.0,64.94,64.4,74.12,64.04,60.44,60.44,24.9,30.4,28.8,44.0,,ENE,59.88,
2024-05-14 16:00,66.92,67.64,67.82,66.74,77.33,8.94,78.0,13.8,462.0,0.0,64.94,64.58,74.12,64.04,60.44,60.44,24.9,30.4,28.7,44.0,,ENE,59.56,
2024-05-14 16:30,68.18,68.72,69.08,67.64,74.04,8.94,79.0,14.0,461.0,0.0,65.12,64.58,74.48,64.04,60.44,60.44,24.9,30.4,28.7,44.0,,E,59.54,
2024-05-14 17:00,67.46,67.64,68.0,66.92,75.11,9.14,87.0,13.02,332.0,0.0,65.3,64.76,74.66,64.04,60.62,60.44,24.9,30.4,28.6,44.0,,E,59.25,
2024-05-14 17:30,66.74,66.74,67.1,66.38,77.23,7.97,94.0,11.66,192.0,0.0,65.48,64.94,75.02,64.22,60.8,60.44,24.9,30.4,28.6,44.0,,E,59.34,
2024-05-14 18:00,65.48,65.3,65.48,65.12,80.84,6.8,96.0,10.3,118.0,0.0,65.66,64.94,75.2,64.22,60.8,60.44,24.9,30.4,28.6,44.0,,E,59.4,
2024-05-14 18:30,64.94,64.76,64.94,64.58,84.76,7.0,91.0,9.91,97.0,0.0,65.84,65.12,75.2,64.22,60.98,60.44,24.8,30.4,28.6,44.0,,E,60.21,
2024-05-14 19:00,64.76,64.58,64.76,64.58,87.02,6.41,88.0,9.52,96.0,0.0,65.84,65.12,75.02,64.4,60.98,60.44,24.8,30.4,28.6,44.0,,E,60.78,
2024-05-14 19:30,64.58,64.58,64.58,64.4,87.44,5.44,83.0,9.33,84.0,0.0,65.66,65.12,75.02,64.4,60.98,60.44,24.8,30.4,28.6,44.0,,E,60.75,
2024-05-14 20:00,64.4,64.4,64.22,64.22,89.32,4.28,74.0,6.8,57.0,0.0,65.66,65.3,75.02,64.4,61.16,60.44,24.9,30.4,28.6,44.0,,ENE,61.16,
2024-05-14 20:30,63.86,63.86,63.86,63.86,90.64,4.28,57.0,6.03,24.0,0.0,65.66,65.3,74.84,64.4,60.98,60.44,24.9,30.4,28.6,44.0,,ENE,61.05,
2024-05-14 21:00,63.5,63.32,63.32,63.32,92.46,4.08,55.0,6.22,9.0,0.0,65.48,65.12,74.66,64.58,60.98,60.44,24.9,30.4,28.6,44.0,,NE,61.25,
2024-05-14 21:30,63.14,63.14,62.96,63.14,92.42,2.92,58.0,4.47,0.0,0.0,65.48,65.12,74.66,64.58,60.98,60.44,24.9,30.4,28.7,44.0,,ENE,60.89,
2024-05-14 22:00,62.78,62.42,62.6,62.6,92.78,3.89,57.0,6.8,0.0,0.01,65.3,65.12,74.48,64.58,60.98,60.44,24.8,30.4,28.7,44.0,,ENE,60.64,
2024-05-14 22:30,62.42,62.24,62.42,62.42,92.75,2.72,54.0,4.47,0.0,0.0,65.3,65.12,74.3,64.58,60.98,60.44,24.8,30.4,28.7,44.0,,NE,60.28,
2024-05-14 23:00,62.42,62.24,62.42,62.42,93.26,3.11,58.0,4.67,0.0,0.0,65.12,64.94,74.12,64.58,60.8,60.44,24.8,30.4,28.7,44.0,,ENE,60.44,
2024-05-14 23:30,62.24,62.06,62.06,62.24,93.72,3.11,42.0,4.67,0.0,0.0,64.94,64.94,73.94,64.58,60.8,60.44,24.8,30.4,28.7,44.0,,NE,60.39,
2024-05-15 00:00,61.88,61.7,61.7,61.88,94.15,3.69,23.0,4.86,0.0,0.0,64.76,64.76,73.76,64.58,60.62,60.44,24.8,30.4,28.7,44.0,,NNE,60.17,
2024-05-15 00:30,61.7,61.52,61.7,61.7,94.12,3.69,6.0,7.0,0.0,0.0,64.76,64.76,73.58,64.58,60.62,60.44,24.8,30.4,28.7,44.0,,N,59.97,
2024-05-15 01:00,60.8,60.62,60.8,60.8,93.41,5.05,358.0,8.16,0.0,0.0,64.58,64.58,73.4,64.58,60.44,60.62,24.7,30.4,28.7,44.0,,N,58.87,
2024-05-15 01:30,60.26,60.08,60.26,60.26,93.82,4.86,4.0,7.39,0.0,0.0,64.58,64.58,73.22,64.58,60.44,60.62,24.7,30.3,28.7,44.0,,N,58.46,
2024-05-15 02:00,60.08,59.9,60.08,60.08,93.22,4.86,1.0,7.19,0.0,0.0,64.4,64.4,73.04,64.58,60.26,60.62,24.8,30.3,28.7,44.0,,N,58.1,
2024-05-15 02:30,60.08,59.9,60.08,60.08,93.79,5.05,350.0,7.78,0.0,0.0,64.22,64.4,72.86,64.58,60.26,60.62,24.8,30.3,28.7,44.0,,N,58.26,
2024-05-15 03:00,60.26,60.26,60.26,60.26,94.38,6.22,350.0,8.36,0.0,0.0,64.22,64.22,72.68,64.58,60.26,60.62,24.7,30.3,28.6,44.0,,N,58.62,
2024-05-15 03:30,60.8,60.8,60.98,60.98,94.51,6.22,353.0,8.75,0.0,0.0,64.04,64.22,72.5,64.4,60.08,60.62,24.7,30.3,28.6,44.0,,N,59.2,
2024-05-15 04:00,61.34,61.34,61.52,61.52,94.09,5.25,8.0,7.39,0.0,0.01,64.04,64.04,72.32,64.4,60.08,60.62,24.7,30.3,28.6,44.0,,N,59.61,
2024-05-15 04:30,61.7,61.52,61.88,61.88,94.12,5.83,21.0,8.36,0.0,0.0,63.86,64.04,72.32,64.4,59.9,60.62,24.7,30.3,28.6,44.0,,NNE,59.97,
2024-05-15 05:00,61.88,61.7,61.88,61.88,94.15,5.83,11.0,9.14,0.0,0.0,63.86,63.86,72.14,64.4,59.9,60.62,24.7,30.2,28.6,44.0,,N,60.17,
2024-05-15 05:30,61.88,61.7,61.88,61.88,94.15,5.44,16.0,7.97,0.0,0.0,63.68,63.86,72.14,64.4,59.9,60.62,24.6,30.2,28.6,44.0,,NNE,60.17,
2024-05-15 06:00,61.88,61.88,62.06,62.06,93.65,5.25,11.0,8.16,0.0,0.0,63.68,63.86,71.96,64.22,59.72,60.62,24.7,30.2,28.6,44.0,,N,60.01,
2024-05-15 06:30,61.88,61.88,61.88,61.88,94.15,6.22,15.0,9.52,0.0,0.13,63.68,63.68,71.96,64.22,59.72,60.62,26.0,30.2,28.6,44.0,,NNE,60.17,
2024-05-15 07:00,61.52,61.7,61.7,61.88,94.65,8.36,9.0,13.22,1.0,0.02,63.5,63.68,71.96,64.22,59.72,60.62,28.8,30.3,28.6,44.0,,N,59.95,
2024-05-15 07:30,61.52,61.52,61.88,61.88,94.62,9.33,31.0,13.61,4.0,0.01,63.5,63.68,71.78,64.22,59.54,60.62,28.3,30.3,28.6,44.0,,NNE,59.95,
2024-05-15 08:00,60.98,60.98,61.16,61.16,93.96,11.08,26.0,18.08,12.0,0.0,63.5,63.5,71.78,64.22,59.54,60.62,28.0,30.3,28.6,44.1,,NNE,59.22,
2024-05-15 08:30,60.08,60.26,60.26,60.26,93.79,10.89,31.0,15.36,47.0,0.02,63.32,63.5,71.78,64.04,59.54,60.62,27.9,30.3,28.6,44.1,,NNE,58.26,
2024-05-15 09:00,59.36,59.54,59.54,59.54,93.64,10.69,38.0,14.77,72.0,0.03,63.32,63.5,71.6,64.04,59.36,60.62,27.8,30.3,28.6,44.1,,NE,57.51,
2024-05-15 09:30,59.36,59.54,59.54,59.54,93.6,10.5,40.0,15.94,99.0,0.01,63.32,63.32,71.6,64.04,59.36,60.62,27.7,30.3,28.6,44.1,,NE,57.51,
2024-05-15 10:00,59.54,59.72,59.72,59.54,93.64,9.72,37.0,14.0,95.0,0.0,63.32,63.32,71.42,64.04,59.36,60.62,27.6,30.3,28.6,44.1,,NE,57.69,
2024-05-15 10:30,59.9,60.26,60.26,60.08,92.61,9.52,44.0,14.19,179.0,0.0,63.14,63.32,71.42,64.04,59.36,60.62,27.6,30.3,28.6,44.1,,NE,57.74,
2024-05-15 11:00,60.26,60.62,60.44,60.08,92.13,9.91,45.0,14.77,232.0,0.0,63.14,63.32,71.42,63.86,59.36,60.62,27.5,30.3,28.6,44.1,,NE,57.94,
2024-05-15 11:30,60.26,60.44,60.44,60.26,91.06,8.55,32.0,13.02,176.0,0.0,63.32,63.32,71.6,63.86,59.18,60.62,27.5,30.3,28.6,44.1,,NNE,57.61,
2024-05-15 12:00,60.62,60.98,60.8,60.44,90.06,7.97,44.0,11.86,276.0,0.0,63.32,63.32,71.6,63.86,59.18,60.62,27.4,30.3,28.6,44.1,,NE,57.67,
2024-05-15 12:30,62.24,62.6,62.24,61.7,87.96,7.19,40.0,11.08,343.0,0.0,63.32,63.32,71.78,63.86,59.36,60.62,27.4,30.3,28.6,44.1,,NE,58.6,
2024-05-15 13:00,64.4,65.3,64.22,63.5,85.44,7.97,32.0,12.05,735.0,0.0,63.5,63.32,71.96,63.86,59.36,60.62,27.4,30.3,28.6,44.1,,NNE,59.9,
2024-05-15 13:30,66.2,67.28,66.02,65.12,81.36,7.97,35.0,12.63,738.0,0.0,63.68,63.32,72.32,63.86,59.36,60.62,27.3,30.3,28.6,44.1,,NE,60.28,
2024-05-15 14:00,66.38,66.92,66.2,65.66,80.63,7.97,19.0,11.47,403.0,0.0,63.86,63.5,72.86,63.86,59.54,60.62,27.3,30.3,28.6,44.0,,NNE,60.21,
2024-05-15 14:30,66.74,67.28,66.38,65.84,80.72,9.52,14.0,14.19,515.0,0.0,64.4,63.68,73.4,63.86,59.72,60.62,27.2,30.3,28.6,44.0,,NNE,60.58,
2024-05-15 15:00,66.74,67.28,66.38,65.84,80.27,8.55,21.0,13.41,532.0,0.0,64.76,64.04,73.94,63.86,59.9,60.62,27.2,30.4,28.5,44.0,,NNE,60.42,
2024-05-15 15:30,67.46,68.18,67.28,66.92,78.6,8.36,34.0,12.05,487.0,0.0,64.94,64.22,74.48,63.86,60.26,60.62,27.2,30.4,28.5,44.0,,NE,60.53,
2024-05-15 16:00,69.08,70.16,69.08,68.36,75.21,9.33,48.0,13.8,651.0,0.0,65.3,64.4,74.84,63.86,60.44,60.62,27.1,30.4,28.5,44.0,,NE,60.85,
2024-05-15 16:30,68.18,68.9,68.36,67.82,75.42,7.78,49.0,13.02,359.0,0.0,65.66,64.58,75.2,63.86,60.62,60.62,27.1,30.4,28.5,44.0,,NE,60.06,
2024-05-15 17:00,68.72,69.44,68.9,68.18,73.33,6.22,49.0,11.08,476.0,0.0,66.02,64.76,75.56,64.04,60.8,60.62,27.1,30.5,28.5,44.0,,NE,59.79,
2024-05-15 17:30,70.7,70.7,69.98,69.44,68.36,5.05,39.0,9.72,457.0,0.0,66.2,65.12,75.92,64.04,60.98,60.62,27.1,30.5,28.5,44.0,,NE,59.72,
2024-05-15 18:00,70.7,70.34,69.98,69.62,67.97,3.69,4.0,6.61,287.0,0.0,66.56,65.3,76.1,64.22,61.16,60.62,27.1,30.5,28.5,44.0,,N,59.56,
2024-05-15 18:30,71.06,70.7,70.34,70.16,66.02,4.08,8.0,9.33,256.0,0.0,66.74,65.48,76.46,64.22,61.34,60.62,27.0,30.5,28.5,44.0,,N,59.09,
2024-05-15 19:00,69.62,69.44,69.44,69.26,72.87,8.16,345.0,11.27,194.0,0.0,66.92,65.66,76.46,64.4,61.52,60.62,27.0,30.5,28.5,44.0,,NNW,60.49,
2024-05-15 19:30,70.52,70.16,69.8,69.62,70.2,7.0,347.0,9.91,278.0,0.0,66.92,65.66,76.46,64.4,61.52,60.62,27.0,30.5,28.5,44.0,,NNW,60.3,
2024-05-15 20:00,69.26,68.9,69.08,69.08,72.54,5.83,339.0,7.97,81.0,0.0,66.92,65.84,76.46,64.58,61.7,60.62,27.0,30.5,28.5,44.0,,NNW,60.01,
2024-05-15 20:30,68.9,68.54,68.72,68.72,73.75,5.44,15.0,8.75,58.0,0.0,66.92,65.84,76.46,64.58,61.7,60.62,26.9,30.6,28.5,44.0,,NNE,60.13,
2024-05-15 21:00,67.1,66.38,66.74,66.92,74.01,6.8,10.0,10.69,22.0,0.0,66.74,65.84,76.28,64.76,61.7,60.62,26.9,30.6,28.5,44.0,,N,58.5,
2024-05-15 21:30,64.04,63.32,63.86,64.04,77.94,5.25,1.0,7.97,0.0,0.0,66.74,65.84,76.1,64.76,61.7,60.62,26.8,30.6,28.5,44.0,,N,56.97,
2024-05-15 22:00,61.88,60.98,61.7,61.88,81.48,4.28,4.0,6.8,0.0,0.0,66.56,65.84,75.92,64.94,61.7,60.62,26.8,30.6,28.5,44.0,,N,56.1,
2024-05-15 22:30,60.8,59.9,60.62,60.98,78.02,4.67,11.0,7.0,0.0,0.0,66.2,65.84,75.56,64.94,61.7,60.62,26.8,30.6,28.5,44.0,,N,53.85,
2024-05-15 23:00,59.36,58.28,59.18,59.54,80.81,2.92,4.0,4.86,0.0,0.0,66.02,65.66,75.2,64.94,61.52,60.62,26.8,30.5,28.5,44.0,,N,53.42,
2024-05-15 23:30,58.28,57.02,57.92,58.46,80.12,3.11,357.0,5.44,0.0,0.0,65.84,65.48,74.84,64.94,61.52,60.62,26.7,30.5,28.6,44.0,,N,52.12,
2024-05-16 00:00,57.2,56.3,57.02,57.38,80.0,3.69,19.0,5.64,0.0,0.0,65.48,65.3,74.48,64.94,61.34,60.62,26.7,30.5,28.6,44.0,,NNE,51.03,
2024-05-16 00:30,56.3,55.4,56.12,56.3,82.58,3.69,14.0,5.44,0.0,0.0,65.3,65.3,74.12,64.94,61.16,60.62,26.7,30.5,28.6,44.0,,NNE,51.01,
2024-05-16 01:00,55.58,54.68,55.4,55.58,83.33,3.3,40.0,5.05,0.0,0.0,64.94,65.12,73.76,64.94,60.98,60.62,26.6,30.5,28.6,44.0,,NE,50.56,
2024-05-16 01:30,54.86,53.96,54.68,55.04,82.99,1.75,42.0,4.08,0.0,0.0,64.76,64.94,73.4,64.94,60.8,60.62,26.6,30.5,28.6,44.0,,NE,49.75,
2024-05-16 02:00,54.32,53.06,53.96,54.68,83.33,1.56,297.0,3.11,0.0,0.0,64.58,64.76,72.86,64.94,60.62,60.8,26.6,30.5,28.5,44.0,,WNW,49.32,
2024-05-16 02:30,53.24,52.16,52.88,53.42,87.77,1.36,314.0,3.5,0.0,0.0,64.22,64.58,72.68,64.94,60.44,60.8,26.6,30.4,28.5,44.0,,NW,49.68,
2024-05-16 03:00,52.52,51.62,52.16,52.52,88.89,2.53,323.0,3.89,0.0,0.0,64.04,64.22,72.32,64.76,60.44,60.8,26.6,30.4,28.5,44.0,,NW,49.3,
2024-05-16 03:30,52.16,51.26,51.8,51.98,89.47,1.75,16.0,2.72,0.0,0.0,63.68,64.04,71.96,64.76,60.26,60.8,26.5,30.4,28.5,44.0,,NNE,49.12,
2024-05-16 04:00,51.98,50.9,51.44,51.8,90.91,1.36,351.0,3.69,0.0,0.0,63.5,63.86,71.6,64.76,60.08,60.8,26.4,30.3,28.5,44.0,,N,49.39,
2024-05-16 04:30,51.98,50.72,51.62,51.98,90.91,1.56,237.0,3.11,0.0,0.0,63.32,63.68,71.06,64.58,59.9,60.8,26.4,30.3,28.5,44.0,,WSW,49.39,
2024-05-16 05:00,51.44,50.18,51.08,51.44,91.47,2.33,243.0,3.11,0.0,0.0,62.96,63.5,70.7,64.58,59.72,60.8,26.4,30.3,28.5,44.0,,WSW,49.01,
2024-05-16 05:30,51.08,49.82,50.72,51.08,91.41,0.97,169.0,2.53,0.0,0.0,62.78,63.32,70.34,64.58,59.54,60.8,26.4,30.3,28.5,44.0,,S,48.63,
2024-05-16 06:00,50.9,49.64,50.36,50.72,92.13,0.97,256.0,2.53,0.0,0.0,62.6,63.14,69.98,64.4,59.36,60.8,26.4,30.3,28.5,44.1,,WSW,48.67,
2024-05-16 06:30,50.9,50.0,50.36,50.54,92.91,0.39,311.0,2.14,1.0,0.0,62.42,62.96,69.62,64.4,59.18,60.8,26.3,30.3,28.5,44.1,,NW,48.9,
2024-05-16 07:00,51.98,51.08,51.26,51.44,92.42,0.39,73.0,1.56,9.0,0.0,62.24,62.78,69.26,64.22,59.0,60.8,26.4,30.2,28.5,44.1,,ENE,49.82,
2024-05-16 07:30,52.7,51.8,51.8,52.16,91.11,0.97,78.0,2.33,33.0,0.0,62.06,62.6,69.26,64.22,58.82,60.8,26.4,30.2,28.4,44.1,,ENE,50.14,
2024-05-16 08:00,54.5,53.6,53.24,53.6,86.9,1.36,80.0,2.14,93.0,0.0,61.88,62.6,69.08,64.04,58.64,60.8,26.3,30.2,28.4,44.1,,E,50.65,
2024-05-16 08:30,56.66,55.58,55.58,55.58,82.8,2.14,104.0,4.28,152.0,0.0,61.88,62.42,69.08,64.04,58.64,60.8,26.3,30.2,28.4,44.1,,ESE,51.44,
2024-05-16 09:00,62.24,59.36,59.54,59.54,73.44,0.78,171.0,2.53,299.0,0.0,61.7,62.24,69.08,63.86,58.46,60.8,26.3,30.2,28.4,44.1,,S,53.58,
2024-05-16 09:30,64.04,62.6,62.6,62.06,72.55,1.94,150.0,5.44,368.0,0.0,61.88,62.24,69.08,63.86,58.46,60.8,26.3,30.2,28.4,44.1,,SSE,54.99,
2024-05-16 10:00,68.54,67.82,68.0,66.38,65.97,4.08,124.0,7.97,563.0,0.0,61.88,62.24,69.26,63.68,58.46,60.8,26.3,30.2,28.5,44.1,,SE,56.66,
2024-05-16 10:30,71.06,70.52,68.9,68.18,64.09,4.47,158.0,7.58,654.0,0.0,62.06,62.24,69.62,63.68,58.46,60.8,26.3,30.2,28.4,44.0,,SSE,58.26,
2024-05-16 11:00,72.14,71.78,70.34,69.62,64.18,4.86,176.0,10.5,777.0,0.0,62.42,62.42,70.16,63.68,58.46,60.8,26.2,30.2,28.4,44.0,,S,59.32,
2024-05-16 11:30,71.42,71.42,70.7,70.16,65.78,7.19,188.0,11.86,595.0,0.0,62.78,62.42,70.88,63.5,58.64,60.8,26.2,30.2,28.4,44.0,,S,59.32,
2024-05-16 12:00,71.24,71.42,70.7,70.52,66.03,7.58,200.0,12.44,448.0,0.0,63.14,62.78,71.6,63.5,58.82,60.8,26.1,30.2,28.3,44.0,,SSW,59.27,
2024-05-16 12:30,71.24,71.42,70.88,70.52,65.9,7.58,202.0,11.86,476.0,0.0,63.5,62.96,72.14,63.5,59.18,60.8,26.1,30.2,28.3,44.0,,SSW,59.2,
2024-05-16 13:00,72.14,72.68,71.78,71.24,65.43,8.36,208.0,13.22,672.0,0.0,63.86,63.32,72.5,63.5,59.36,60.8,26.1,30.3,28.3,44.0,,SSW,59.86,
2024-05-16 13:30,73.4,73.94,72.86,72.32,63.21,8.55,211.0,14.19,759.0,0.0,64.22,63.5,73.22,63.5,59.54,60.8,26.1,30.3,28.2,44.0,,SSW,60.1,
2024-05-16 14:00,73.94,74.3,73.58,73.04,61.54,8.55,204.0,15.94,674.0,0.0,64.58,63.86,73.94,63.5,59.9,60.8,26.1,30.3,28.2,44.0,,SSW,59.85,
2024-05-16 14:30,73.58,73.76,73.22,73.04,61.13,8.75,199.0,14.77,459.0,0.0,65.12,64.04,75.02,63.68,60.08,60.8,26.0,30.3,28.2,44.0,,SSW,59.32,
2024-05-16 15:00,72.14,71.96,71.96,71.96,63.57,8.94,212.0,13.8,207.0,0.0,65.48,64.4,75.56,63.68,60.44,60.8,26.0,30.3,28.2,44.0,,SSW,59.05,
2024-05-16 15:30,71.42,71.24,71.24,71.42,67.68,8.16,214.0,13.8,180.0,0.0,65.66,64.58,75.74,63.86,60.62,60.8,26.0,30.4,28.2,44.0,,SW,60.13,
2024-05-16 16:00,71.06,71.06,71.06,71.06,67.18,10.69,204.0,16.72,252.0,0.0,65.84,64.94,75.74,63.86,60.98,60.8,26.0,30.4,28.2,44.0,,SSW,59.58,
2024-05-16 16:30,70.7,70.52,70.52,70.52,68.75,10.5,221.0,18.66,223.0,0.0,65.84,64.94,75.74,64.04,60.98,60.8,26.0,30.4,28.2,44.0,,SW,59.88,
2024-05-16 17:00,66.92,66.74,66.56,66.56,82.67,6.41,225.0,15.94,186.0,0.0,65.84,65.12,75.74,64.04,61.16,60.8,26.0,30.4,28.2,43.9,,SW,61.45,
2024-05-16 17:30,68.0,67.46,67.1,66.92,82.48,2.14,227.0,5.05,310.0,0.0,65.84,65.12,75.74,64.22,61.16,60.8,26.0,30.5,28.2,43.9,,SW,62.44,
2024-05-16 18:00,68.36,68.0,67.82,67.64,80.17,3.5,227.0,7.19,188.0,0.0,65.84,65.3,75.74,64.22,61.34,60.8,26.0,30.5,28.2,43.9,,SW,61.97,
2024-05-16 18:30,68.36,68.18,68.0,67.82,80.93,4.28,208.0,7.0,176.0,0.0,65.84,65.3,75.92,64.4,61.34,60.62,26.0,30.5,28.2,43.9,,SSW,62.24,
2024-05-16 19:00,68.54,68.54,68.36,68.18,79.83,4.28,214.0,7.0,180.0,0.0,66.02,65.3,75.92,64.4,61.34,60.62,26.0,30.5,28.2,43.9,,SW,62.02,
2024-05-16 19:30,68.18,67.82,68.0,68.0,80.43,3.69,192.0,6.03,53.0,0.0,66.02,65.48,75.92,64.4,61.52,60.62,26.0,30.4,28.2,43.9,,SSW,61.9,
2024-05-16 20:00,67.64,67.28,67.64,67.64,82.25,2.72,206.0,4.47,28.0,0.0,66.02,65.48,75.92,64.58,61.52,60.62,26.0,30.5,28.2,43.9,,SSW,62.01,
2024-05-16 20:30,66.92,66.56,66.74,66.92,85.4,2.14,208.0,2.92,10.0,0.0,66.02,65.48,75.92,64.58,61.52,60.62,26.0,30.5,28.2,43.9,,SSW,62.37,
2024-05-16 21:00,66.2,65.66,66.2,66.2,87.27,2.33,179.0,3.5,3.0,0.0,66.02,65.48,75.74,64.58,61.52,60.62,26.0,30.5,28.2,44.0,,S,62.28,
2024-05-16 21:30,65.66,65.12,65.48,65.66,88.37,2.14,179.0,3.5,0.0,0.0,65.84,65.48,75.56,64.76,61.52,60.8,26.0,30.5,28.2,44.0,,S,62.1,
2024-05-16 22:00,65.3,64.94,65.48,65.66,87.79,1.94,172.0,3.11,0.0,0.0,65.84,65.48,75.38,64.76,61.52,60.8,26.0,30.5,28.2,44.0,,S,61.56,
2024-05-16 22:30,64.94,64.4,65.12,65.12,88.15,2.92,154.0,4.67,0.0,0.0,65.66,65.48,75.38,64.76,61.34,60.8,26.0,30.5,28.2,44.0,,SSE,61.32,
2024-05-16 23:00,64.76,63.86,64.58,64.94,88.46,2.53,143.0,5.05,0.0,0.0,65.48,65.3,75.2,64.76,61.34,60.8,26.0,30.5,28.2,44.0,,SE,61.25,
2024-05-16 23:30,63.86,63.14,63.32,64.22,90.15,1.56,110.0,3.5,0.0,0.0,65.48,65.3,75.02,64.76,61.34,60.8,26.0,30.4,28.2,44.0,,ESE,60.89,
2024-05-17 00:00,64.04,63.32,64.04,64.58,90.2,1.75,170.0,3.69,0.0,0.0,65.3,65.3,74.84,64.76,61.16,60.8,26.0,30.5,28.2,44.0,,S,61.09,
2024-05-17 00:30,64.58,64.22,64.76,64.94,90.38,2.72,180.0,6.03,0.0,0.0,65.12,65.12,74.48,64.76,61.16,60.8,25.9,30.5,28.2,44.0,,S,61.68,
2024-05-17 01:00,64.4,64.04,64.4,64.58,90.78,3.69,179.0,6.03,0.0,0.0,65.12,64.94,74.3,64.76,60.98,60.8,25.9,30.5,28.2,44.0,,S,61.63,
2024-05-17 01:30,63.86,63.32,63.68,64.04,91.09,2.92,171.0,4.67,0.0,0.0,64.94,64.94,74.12,64.76,60.98,60.8,25.9,30.5,28.2,44.0,,S,61.2,
2024-05-17 02:00,63.14,62.42,63.14,63.32,91.88,3.11,163.0,5.25,0.0,0.0,64.76,64.76,74.12,64.76,60.8,60.8,25.8,30.5,28.2,44.0,,SSE,60.73,
2024-05-17 02:30,62.6,62.06,62.6,62.78,91.71,4.47,172.0,7.97,0.0,0.0,64.76,64.76,73.94,64.76,60.8,60.8,25.8,30.4,28.2,44.0,,S,60.13,
2024-05-17 03:00,62.24,61.7,62.24,62.42,91.62,3.5,175.0,7.0,0.0,0.0,64.58,64.58,73.76,64.76,60.62,60.8,25.8,30.4,28.2,44.0,,S,59.76,
2024-05-17 03:30,61.7,61.34,61.7,61.88,93.05,3.69,187.0,5.44,0.0,0.0,64.4,64.58,73.4,64.76,60.62,60.8,25.8,30.4,28.2,44.0,,S,59.65,
2024-05-17 04:00,61.16,60.62,60.98,61.34,93.48,3.5,194.0,5.44,0.0,0.0,64.4,64.4,73.22,64.76,60.62,60.8,25.8,30.4,28.2,44.0,,SSW,59.25,
2024-05-17 04:30,61.16,61.16,61.34,61.34,94.05,3.89,211.0,5.64,0.0,0.0,64.22,64.4,73.04,64.76,60.44,60.8,25.8,30.4,28.2,44.0,,SSW,59.41,
2024-05-17 05:00,61.52,61.34,61.52,61.52,94.62,3.69,218.0,5.83,0.0,0.0,64.04,64.22,72.86,64.58,60.44,60.8,25.8,30.4,28.2,44.0,,SW,59.95,
2024-05-17 05:30,61.16,60.8,61.16,61.16,94.57,3.11,215.0,4.67,0.0,0.0,64.04,64.22,72.86,64.58,60.26,60.8,25.7,30.4,28.2,44.0,,SW,59.58,
2024-05-17 06:00,60.62,60.26,60.62,60.8,95.03,1.94,212.0,4.08,0.0,0.0,63.86,64.04,72.68,64.58,60.26,60.8,25.8,30.3,28.2,44.0,,SSW,59.18,
2024-05-17 06:30,60.62,60.8,60.8,60.8,95.03,3.11,221.0,4.86,1.0,0.0,63.86,64.04,72.5,64.58,60.08,60.8,25.8,30.3,28.2,44.0,,SW,59.18,
2024-05-17 07:00,60.44,60.44,60.44,60.44,95.0,2.14,239.0,4.47,11.0,0.0,63.68,63.86,72.32,64.58,60.08,60.98,25.8,30.3,28.2,44.0,,WSW,58.98,
2024-05-17 07:30,60.62,60.44,60.44,60.44,95.56,1.75,179.0,3.69,37.0,0.0,63.68,63.86,72.32,64.4,59.9,60.98,25.8,30.3,28.2,44.0,,S,59.32,
2024-05-17 08:00,60.98,61.16,60.98,60.8,95.08,2.33,197.0,5.05,77.0,0.0,63.5,63.86,72.14,64.4,59.9,60.98,25.8,30.3,28.2,44.0,,SSW,59.54,
2024-05-17 08:30,61.7,62.06,61.7,61.52,95.21,2.72,239.0,4.47,120.0,0.0,63.5,63.68,72.14,64.4,59.9,60.98,25.7,30.3,28.2,44.0,,WSW,60.3,
2024-05-17 09:00,62.42,62.78,62.42,62.06,95.31,3.69,229.0,6.61,137.0,0.0,63.5,63.68,72.14,64.4,59.72,60.98,25.7,30.3,28.2,44.0,,SW,61.05,
2024-05-17 09:30,63.14,63.5,62.96,62.78,95.43,3.89,230.0,5.83,197.0,0.0,63.5,63.68,72.32,64.22,59.72,60.98,25.7,30.3,28.2,44.0,,SW,61.81,
2024-05-17 10:00,63.86,64.22,63.5,63.32,94.58,4.08,221.0,6.22,223.0,0.0,63.68,63.68,72.32,64.22,59.72,60.98,25.8,30.3,28.2,44.0,,SW,62.26,
2024-05-17 10:30,64.94,65.12,64.4,64.22,93.81,4.28,210.0,7.19,332.0,0.0,63.86,63.68,72.5,64.22,59.72,60.98,25.8,30.3,28.2,44.0,,SSW,63.1,
2024-05-17 11:00,67.46,66.74,66.92,66.2,88.21,4.28,188.0,7.58,486.0,0.0,63.86,63.68,72.86,64.22,59.9,60.98,25.8,30.3,28.2,44.0,,S,63.82,
2024-05-17 11:30,68.9,68.36,67.82,67.28,82.57,4.08,186.0,6.41,482.0,0.0,64.22,63.86,73.22,64.22,59.9,60.98,25.8,30.3,28.2,44.0,,S,63.34,
2024-05-17 12:00,70.16,69.62,68.54,68.18,78.88,3.3,197.0,6.22,521.0,0.0,64.4,64.04,73.58,64.22,60.08,60.98,25.8,30.4,28.1,44.0,,SSW,63.27,
2024-05-17 12:30,72.32,71.96,70.52,69.8,73.06,4.47,174.0,7.97,784.0,0.0,64.76,64.22,74.12,64.22,60.26,60.98,25.7,30.4,28.1,44.0,,S,63.16,
2024-05-17 13:00,73.76,73.58,71.96,71.24,68.66,4.67,171.0,8.75,952.0,0.0,65.12,64.4,74.84,64.22,60.44,60.98,25.8,30.4,28.0,44.0,,S,62.78,
2024-05-17 13:30,74.3,74.3,72.68,72.32,65.86,4.47,200.0,9.33,1010.0,0.0,65.66,64.58,75.56,64.22,60.62,60.98,25.8,30.4,28.0,44.0,,SSW,62.11,
2024-05-17 14:00,76.46,76.1,74.48,73.76,60.13,4.47,189.0,8.36,1034.0,0.0,66.38,64.94,76.46,64.22,60.98,60.98,25.7,30.4,28.0,43.9,,S,61.57,
2024-05-17 14:30,77.36,77.18,75.56,74.66,56.07,5.05,174.0,9.91,1007.0,0.0,67.1,65.48,77.54,64.4,61.52,60.98,25.7,30.4,27.9,43.9,,S,60.44,
2024-05-17 15:00,78.8,78.26,77.0,75.74,52.68,5.05,168.0,12.25,1014.0,0.0,67.82,66.02,78.44,64.4,61.88,60.98,25.7,30.4,27.9,43.9,,SSE,60.04,
2024-05-17 15:30,79.34,78.98,77.36,76.46,50.58,5.44,183.0,10.69,923.0,0.0,68.72,66.56,79.52,64.58,62.42,60.98,25.6,30.4,27.8,43.9,,S,59.4,
2024-05-17 16:00,78.8,79.16,77.9,77.36,50.0,6.61,215.0,12.05,931.0,0.0,69.62,67.1,80.24,64.76,62.96,60.98,25.6,30.4,27.8,43.9,,SW,58.57,
2024-05-17 16:30,79.88,79.7,78.44,77.72,49.0,5.25,191.0,9.91,756.0,0.0,70.16,67.64,80.96,64.94,63.5,60.98,25.7,30.5,27.8,43.9,,S,59.0,
2024-05-17 17:00,80.42,79.52,78.8,77.72,49.58,5.25,155.0,10.3,661.0,0.0,70.88,68.18,81.5,65.12,64.04,60.98,25.6,30.5,27.8,43.9,,SSE,59.83,81.14
2024-05-17 17:30,79.7,78.62,77.9,77.18,50.29,3.89,149.0,7.78,335.0,0.0,71.24,68.72,81.86,65.3,64.4,60.98,25.7,30.5,27.8,43.8,,SSE,59.58,
2024-05-17 18:00,79.34,78.8,78.08,77.9,46.94,4.08,217.0,7.19,442.0,0.0,71.42,69.08,82.04,65.48,64.76,60.98,25.6,30.6,27.8,43.8,,SW,57.31,
2024-05-17 18:30,78.62,77.36,77.54,77.72,47.01,2.72,211.0,5.83,231.0,0.0,71.42,69.26,82.04,65.66,64.94,60.98,25.6,30.6,27.8,43.8,,SSW,56.7,
2024-05-17 19:00,81.32,79.34,80.42,78.62,46.45,2.72,77.0,8.36,359.0,0.0,71.42,69.44,81.86,66.02,65.12,60.98,25.6,30.6,27.7,43.8,,ENE,58.84,81.61
2024-05-17 19:30,77.18,76.28,77.54,76.82,53.77,4.08,73.0,7.0,131.0,0.0,71.42,69.62,81.68,66.2,65.3,60.98,25.5,30.6,27.8,43.8,,ENE,59.11,
2024-05-17 20:00,76.1,75.2,75.74,75.74,57.0,4.08,47.0,6.22,82.0,0.0,71.24,69.62,81.5,66.38,65.3,60.98,25.5,30.6,27.8,43.8,,NE,59.72,
2024-05-17 20:30,75.2,73.94,74.84,74.84,60.4,2.53,76.0,4.47,66.0,0.0,71.06,69.62,81.14,66.56,65.3,60.98,25.4,30.6,27.8,43.8,,ENE,60.51,
2024-05-17 21:00,74.3,72.86,73.76,73.94,63.67,3.11,60.0,4.67,34.0,0.0,70.88,69.62,80.96,66.74,65.3,60.98,25.4,30.6,27.8,43.8,,ENE,61.14,
2024-05-17 21:30,71.24,69.8,71.06,71.42,70.23,1.56,67.0,3.5,1.0,0.0,70.52,69.44,80.6,66.74,65.3,60.98,25.4,30.6,27.8,43.9,,ENE,61.0,
2024-05-17 22:00,70.16,68.36,69.98,70.7,72.91,2.33,150.0,3.11,0.0,0.0,70.34,69.44,80.24,66.92,65.12,60.98,25.4,30.6,27.9,43.9,,SSE,61.02,
2024-05-17 22:30,67.82,66.2,67.82,68.9,79.83,1.94,170.0,2.53,0.0,0.0,69.98,69.26,79.88,66.92,64.94,60.98,25.4,30.6,27.9,43.9,,S,61.32,
2024-05-17 23:00,67.64,66.02,67.64,68.54,80.52,3.3,188.0,4.67,0.0,0.0,69.62,69.08,79.52,67.1,64.76,61.16,25.4,30.5,27.9,43.9,,S,61.39,
2024-05-17 23:30,67.28,65.66,67.46,68.18,81.58,3.69,196.0,4.86,0.0,0.0,69.26,68.9,79.16,67.1,64.58,61.16,25.3,30.5,27.9,43.9,,SSW,61.41,
2024-05-18 00:00,67.1,65.48,66.92,67.64,82.3,3.11,194.0,4.47,0.0,0.0,69.08,68.72,78.98,67.1,64.4,61.16,25.3,30.5,27.9,43.9,,SSW,61.48,
2024-05-18 00:30,66.02,64.4,66.02,66.92,84.86,2.33,176.0,3.3,0.0,0.0,68.72,68.54,78.62,67.1,64.22,61.16,25.3,30.5,27.9,43.9,,S,61.3,
2024-05-18 01:00,65.48,63.68,65.48,66.38,86.92,2.14,188.0,3.69,0.0,0.0,68.36,68.36,78.26,67.1,64.22,61.16,25.2,30.5,27.9,43.9,,S,61.45,
2024-05-18 01:30,64.94,63.5,64.76,65.66,88.1,2.72,190.0,4.28,0.0,0.0,68.18,68.0,78.08,67.1,64.04,61.34,25.1,30.5,27.9,43.9,,S,61.3,
2024-05-18 02:00,64.4,63.32,64.58,64.94,89.81,2.92,155.0,4.67,0.0,0.0,68.0,67.82,77.72,67.1,63.86,61.34,25.1,30.4,27.9,43.9,,SSE,61.32,
2024-05-18 02:30,64.04,62.96,64.04,64.4,90.64,2.33,171.0,3.69,0.0,0.0,67.64,67.64,77.54,67.1,63.68,61.34,25.2,30.4,27.9,43.9,,S,61.23,
2024-05-18 03:00,63.68,62.78,63.68,64.22,91.04,2.72,165.0,4.47,0.0,0.0,67.46,67.46,77.36,66.92,63.5,61.34,25.1,30.4,27.9,43.9,,SSE,61.0,
2024-05-18 03:30,63.5,62.78,63.5,63.86,91.5,3.11,161.0,5.05,0.0,0.0,67.28,67.28,77.0,66.92,63.32,61.34,25.1,30.4,27.9,43.9,,SSE,60.96,
2024-05-18 04:00,63.14,62.24,62.96,63.5,91.88,3.3,185.0,4.67,0.0,0.0,67.1,67.1,76.82,66.92,63.14,61.52,25.1,30.4,27.9,43.9,,S,60.73,
2024-05-18 04:30,62.78,62.06,62.78,63.14,92.78,3.11,180.0,4.67,0.0,0.0,66.92,66.92,76.64,66.92,62.96,61.52,25.1,30.4,27.8,44.0,,S,60.64,
2024-05-18 05:00,62.06,60.8,61.88,62.42,93.16,1.17,190.0,2.72,0.0,0.0,66.74,66.92,76.28,66.74,62.78,61.52,25.1,30.3,27.8,44.0,,S,60.04,
2024-05-18 05:30,61.16,60.26,61.16,61.7,93.48,1.56,182.0,3.3,0.0,0.0,66.56,66.74,76.1,66.74,62.6,61.52,25.0,30.3,27.8,44.0,,S,59.25,
2024-05-18 06:00,61.7,61.16,61.7,62.24,94.15,2.92,182.0,4.08,0.0,0.0,66.38,66.56,75.74,66.74,62.6,61.52,25.0,30.3,27.8,44.0,,S,59.99,
2024-05-18 06:30,61.52,60.8,61.52,61.88,94.09,2.14,173.0,4.47,1.0,0.0,66.2,66.38,75.56,66.56,62.42,61.52,24.9,30.3,27.8,44.0,,S,59.79,
2024-05-18 07:00,60.98,60.26,60.8,61.16,93.99,2.53,165.0,4.67,30.0,0.0,66.02,66.2,75.2,66.56,62.24,61.52,24.9,30.2,27.8,43.9,,SSE,59.22,
2024-05-18 07:30,63.32,62.24,62.24,62.42,92.46,2.92,181.0,4.86,101.0,0.0,65.84,66.02,75.02,66.38,62.06,61.7,24.9,30.2,27.8,43.9,,S,61.09,
2024-05-18 08:00,65.12,63.68,63.68,63.68,90.05,4.08,186.0,6.22,179.0,0.0,65.66,65.84,74.84,66.38,62.06,61.7,24.9,30.2,27.8,43.9,,S,62.11,
2024-05-18 08:30,66.2,65.3,65.48,65.3,88.18,5.25,203.0,8.36,271.0,0.0,65.48,65.84,74.66,66.38,61.88,61.7,24.9,30.3,27.7,43.9,,SSW,62.58,
2024-05-18 09:00,67.64,67.28,66.92,66.74,84.85,5.83,202.0,9.33,370.0,0.0,65.48,65.66,74.66,66.2,61.7,61.7,24.9,30.2,27.7,44.0,,SSW,62.89,
2024-05-18 09:30,69.98,69.26,68.72,68.54,80.4,3.5,223.0,7.19,468.0,0.0,65.48,65.66,74.84,66.2,61.7,61.7,24.9,30.2,27.8,44.0,,SW,63.64,
2024-05-18 10:00,72.68,71.78,71.24,70.88,74.18,2.33,205.0,6.03,564.0,0.0,65.66,65.66,75.02,66.02,61.7,61.7,24.9,30.2,27.7,44.0,,SSW,63.95,
2024-05-18 10:30,77.0,74.84,74.3,73.58,64.87,1.36,199.0,5.64,657.0,0.0,65.66,65.66,75.38,66.02,61.7,61.7,24.9,30.2,27.7,43.9,,SSW,64.26,
2024-05-18 11:00,78.08,76.46,75.74,74.84,62.61,1.94,161.0,4.67,624.0,0.0,66.02,65.66,75.92,66.02,61.7,61.7,24.9,30.2,27.7,43.9,,SSE,64.26,
2024-05-18 11:30,78.98,77.72,77.36,75.92,57.27,3.3,147.0,7.97,946.0,0.0,66.38,65.84,76.64,66.02,61.88,61.7,24.9,30.2,27.6,43.9,,SSE,62.56,
2024-05-18 12:00,79.34,78.26,78.62,77.0,54.09,3.11,100.0,10.11,753.0,0.0,66.92,66.2,77.36,66.02,62.24,61.7,24.9,30.2,27.6,43.9,,E,61.29,
2024-05-18 12:30,80.24,79.52,78.98,77.9,52.97,4.08,135.0,8.36,972.0,0.0,67.46,66.56,78.26,66.02,62.42,61.7,24.9,30.2,27.5,43.9,,SE,61.54,81.32
2024-05-18 13:00,81.5,80.6,80.24,78.98,50.27,4.47,131.0,8.94,1010.0,0.0,68.18,66.92,79.16,66.02,62.78,61.7,24.9,30.2,27.5,43.9,,SE,61.21,82.27
2024-05-18 13:30,82.04,81.14,79.7,78.98,46.92,5.64,163.0,13.22,1039.0,0.0,68.9,67.28,79.88,66.02,63.14,61.7,24.8,30.2,27.4,43.9,,SSE,59.77,82.36
2024-05-18 14:00,82.22,81.32,81.14,79.7,47.73,5.05,125.0,11.08,988.0,0.0,69.62,67.82,80.78,66.02,63.68,61.7,24.8,30.2,27.3,43.9,,SE,60.42,82.67
2024-05-18 14:30,82.76,81.86,80.78,79.88,44.88,5.64,152.0,9.91,786.0,0.0,70.34,68.18,81.68,66.2,64.04,61.88,24.8,30.2,27.3,43.8,,SSE,59.2,82.8
2024-05-18 15:00,84.02,83.12,82.04,81.14,44.08,5.44,172.0,13.02,1030.0,0.0,71.06,68.72,82.4,66.38,64.58,61.88,24.8,30.2,27.3,43.8,,S,59.85,84.0
2024-05-18 15:30,83.12,82.58,81.5,80.78,45.85,7.19,176.0,14.77,819.0,0.0,71.78,69.26,82.94,66.56,65.12,61.88,24.8,30.2,27.2,43.8,,S,60.12,83.32
2024-05-18 16:00,80.96,79.7,79.7,79.7,47.37,5.44,167.0,9.91,313.0,0.0,72.32,69.8,83.48,66.74,65.48,61.88,24.8,30.3,27.2,43.8,,SSE,59.05,81.39
2024-05-18 16:30,81.5,80.24,80.24,80.06,47.68,4.08,170.0,7.19,353.0,0.0,72.68,70.16,83.66,66.92,65.84,61.88,24.8,30.3,27.2,43.8,,S,59.74,81.93
2024-05-18 17:00,81.68,80.6,80.42,80.24,47.3,4.08,166.0,7.39,429.0,0.0,72.68,70.52,83.66,67.1,66.2,61.88,24.8,30.3,27.1,43.8,,SSE,59.68,82.06
2024-05-18 17:30,82.4,80.78,81.14,80.6,44.33,4.86,136.0,9.33,303.0,0.0,72.68,70.7,83.66,67.28,66.38,61.88,24.7,30.3,27.1,43.8,,SE,58.51,82.36
2024-05-18 18:00,80.96,79.16,80.24,80.06,46.81,4.86,136.0,8.16,148.0,0.0,72.68,70.88,83.48,67.46,66.56,61.88,24.7,30.3,27.1,43.8,,SE,58.73,81.32
2024-05-18 18:30,80.42,78.98,80.06,79.88,47.46,3.69,125.0,6.03,145.0,0.0,72.68,71.06,83.3,67.64,66.56,61.88,24.7,30.3,27.1,43.8,,SE,58.6,80.92
2024-05-18 19:00,80.42,78.62,79.52,79.7,49.01,2.33,148.0,5.05,112.0,0.0,72.5,71.06,83.12,67.82,66.56,61.88,24.6,30.3,27.1,43.8,,SSE,59.5,81.09
2024-05-18 19:30,80.06,78.26,79.34,79.34,50.71,2.33,143.0,4.28,110.0,0.0,72.32,71.06,82.94,68.0,66.56,61.88,24.6,30.3,27.2,43.8,,SE,60.13,80.92
2024-05-18 20:00,82.58,80.24,79.88,79.7,48.03,2.53,163.0,4.08,187.0,0.0,72.14,70.88,82.76,68.0,66.56,61.88,24.5,30.3,27.2,43.8,,SSE,60.93,83.08
2024-05-18 20:30,81.14,79.16,78.8,78.62,51.24,2.14,142.0,4.08,83.0,0.0,71.96,70.88,82.58,68.18,66.56,61.88,24.5,30.3,27.2,43.8,,SE,61.43,82.02
2024-05-18 21:00,78.62,77.0,77.0,76.82,56.12,1.75,141.0,3.11,28.0,0.0,71.78,70.88,82.22,68.36,66.38,61.88,24.5,30.3,27.2,43.8,,SE,61.65,
2024-05-18 21:30,73.76,71.78,73.4,74.12,66.2,2.33,148.0,3.69,1.0,0.0,71.6,70.7,82.04,68.36,66.38,61.88,24.5,30.3,27.2,43.8,,SSE,61.74,
2024-05-18 22:00,71.6,69.26,71.6,72.68,70.08,1.56,171.0,2.53,0.0,0.0,71.24,70.52,81.68,68.36,66.2,62.06,24.5,30.3,27.2,43.8,,S,61.29,
2024-05-18 22:30,70.16,67.64,70.16,71.6,73.02,1.75,171.0,2.53,0.0,0.0,70.88,70.34,81.32,68.54,66.02,62.06,24.4,30.3,27.2,43.8,,S,61.07,
2024-05-18 23:00,69.26,66.56,69.62,70.7,75.41,2.14,152.0,3.69,0.0,0.0,70.7,70.16,80.96,68.54,66.02,62.06,24.4,30.3,27.2,43.8,,SSE,61.11,
2024-05-18 23:30,68.72,66.2,68.9,69.8,76.57,2.33,154.0,3.69,0.0,0.0,70.34,69.98,80.6,68.54,65.84,62.06,24.4,30.2,27.2,43.8,,SSE,61.02,
2024-05-19 00:00,67.82,65.66,68.0,68.9,77.25,2.53,152.0,4.08,0.0,0.0,69.98,69.8,80.42,68.54,65.66,62.06,24.3,30.2,27.2,43.8,,SSE,60.4,
2024-05-19 00:30,67.1,65.12,67.1,68.72,78.41,2.53,178.0,3.3,0.0,0.0,69.8,69.62,80.06,68.54,65.48,62.24,24.3,30.2,27.2,43.8,,S,60.12,
2024-05-19 01:00,66.92,65.3,67.28,68.54,79.2,2.92,178.0,3.89,0.0,0.0,69.44,69.44,79.7,68.36,65.3,62.24,24.3,30.1,27.2,43.9,,S,60.22,
2024-05-19 01:30,67.28,65.84,67.46,68.72,78.95,3.5,180.0,4.47,0.0,0.0,69.26,69.26,79.52,68.36,65.12,62.24,24.2,30.1,27.2,43.9,,S,60.49,
2024-05-19 02:00,66.74,65.48,66.74,67.82,80.36,3.5,187.0,4.47,0.0,0.0,68.9,69.08,79.16,68.36,64.94,62.24,24.2,30.1,27.2,43.9,,S,60.46,
2024-05-19 02:30,66.02,64.76,66.02,66.92,82.11,3.69,188.0,4.67,0.0,0.0,68.72,68.9,78.98,68.36,64.76,62.24,24.3,30.1,27.2,43.9,,S,60.37,
2024-05-19 03:00,65.48,64.22,65.48,66.38,83.18,3.3,183.0,4.47,0.0,0.0,68.54,68.54,78.62,68.18,64.58,62.42,24.2,30.1,27.2,43.9,,S,60.21,
2024-05-19 03:30,65.48,64.22,65.48,66.38,83.18,3.89,189.0,4.86,0.0,0.0,68.36,68.54,78.44,68.18,64.4,62.42,24.2,30.1,27.1,43.9,,S,60.21,
2024-05-19 04:00,65.84,64.4,65.84,66.56,82.41,4.08,194.0,5.44,0.0,0.0,68.18,68.36,78.26,68.18,64.22,62.42,24.2,30.0,27.1,43.9,,SSW,60.3,
2024-05-19 04:30,65.12,63.86,65.12,65.84,83.96,3.69,200.0,4.86,0.0,0.0,67.82,68.18,78.08,68.0,64.04,62.42,24.1,30.0,27.1,43.9,,SSW,60.12,
2024-05-19 05:00,65.3,64.04,65.3,65.84,83.96,3.69,195.0,5.05,0.0,0.0,67.64,68.0,77.9,68.0,63.86,62.42,24.1,30.0,27.1,43.9,,SSW,60.3,
2024-05-19 05:30,64.58,63.32,64.4,65.12,85.02,3.3,190.0,4.28,0.0,0.0,67.46,67.82,77.72,68.0,63.68,62.42,24.1,30.0,27.1,43.9,,S,59.94,
2024-05-19 06:00,64.04,62.96,63.86,64.58,86.7,2.92,186.0,4.08,0.0,0.0,67.46,67.64,77.54,67.82,63.5,62.42,24.1,30.0,27.1,43.9,,S,59.97,
2024-05-19 06:30,63.5,62.6,63.5,64.04,87.5,2.72,182.0,4.08,1.0,0.0,67.28,67.46,77.36,67.82,63.5,62.6,24.1,30.0,27.1,43.9,,S,59.7,
2024-05-19 07:00,64.22,63.32,64.22,64.58,86.83,3.89,190.0,4.86,31.0,0.0,67.1,67.28,77.18,67.64,63.32,62.6,24.1,29.9,27.1,43.9,,S,60.19,
2024-05-19 07:30,66.38,64.76,65.48,65.66,82.35,3.69,190.0,6.03,99.0,0.0,66.92,67.1,77.0,67.64,63.14,62.6,24.1,29.9,27.1,43.9,,S,60.8,
2024-05-19 08:00,68.54,67.46,67.82,67.82,77.73,5.05,196.0,7.58,181.0,0.0,66.74,67.1,76.82,67.46,63.14,62.6,24.0,29.9,27.1,43.9,,SSW,61.27,
2024-05-19 08:30,70.7,69.98,69.98,69.98,72.76,6.03,202.0,9.14,271.0,0.0,66.74,66.92,76.82,67.46,62.96,62.6,24.0,29.9,27.1,43.9,,SSW,61.48,
2024-05-19 09:00,72.32,71.96,71.6,71.6,70.0,6.03,211.0,10.11,368.0,0.0,66.56,66.92,76.64,67.46,62.78,62.6,24.0,29.9,27.1,43.9,,SSW,61.95,
2024-05-19 09:30,75.2,74.84,74.48,74.3,65.77,5.05,215.0,8.75,467.0,0.0,66.56,66.74,76.82,67.28,62.78,62.6,24.0,29.9,27.0,43.9,,SW,62.92,
2024-05-19 10:00,77.36,77.36,76.82,76.64,60.62,6.61,235.0,10.89,575.0,0.0,66.74,66.74,77.0,67.28,62.78,62.6,24.0,29.8,27.0,43.9,,SW,62.65,
2024-05-19 10:30,78.62,78.62,78.08,77.9,58.51,6.41,241.0,12.63,582.0,0.0,66.92,66.74,77.36,67.1,62.78,62.6,24.0,29.8,26.9,43.9,,WSW,62.83,
2024-05-19 11:00,80.78,80.6,80.42,80.06,53.76,7.78,264.0,13.22,574.0,0.0,67.1,66.92,77.72,67.1,62.96,62.6,24.0,29.8,26.9,43.9,,W,62.46,81.97
2024-05-19 11:30,80.24,80.24,79.88,79.88,55.81,5.64,245.0,10.69,609.0,0.0,67.46,67.1,78.26,67.1,62.96,62.6,23.9,29.8,26.8,43.9,,WSW,63.01,81.63
2024-05-19 12:00,82.58,82.58,81.68,81.32,52.49,5.44,207.0,10.3,879.0,0.0,67.82,67.28,78.62,67.1,63.14,62.6,23.9,29.8,26.8,43.9,,SSW,63.45,83.84
2024-05-19 12:30,84.38,84.2,83.48,82.94,49.88,6.22,185.0,12.05,949.0,0.0,68.18,67.46,79.16,67.1,63.5,62.6,23.9,29.8,26.7,43.9,,S,63.66,85.6
2024-05-19 13:00,85.46,85.1,84.2,83.84,47.72,6.22,189.0,12.25,886.0,0.0,68.9,67.82,79.88,67.1,63.68,62.6,23.9,29.8,26.6,43.9,,S,63.41,86.52
2024-05-19 13:30,84.56,83.84,83.66,83.66,47.29,5.05,188.0,9.72,499.0,0.0,69.44,68.18,80.78,67.1,64.04,62.6,23.9,29.7,26.6,43.8,,S,62.31,85.26
2024-05-19 14:00,86.0,85.28,84.74,84.56,45.65,5.64,180.0,10.69,733.0,0.0,70.16,68.54,81.32,67.1,64.4,62.6,23.9,29.8,26.6,43.8,,S,62.64,86.74
2024-05-19 14:30,87.08,86.72,85.82,85.46,42.73,6.22,194.0,12.44,913.0,0.0,70.52,68.9,81.86,67.28,64.76,62.6,23.9,29.7,26.5,43.8,,SSW,61.75,87.4
2024-05-19 15:00,87.26,86.9,86.18,85.82,41.27,6.22,197.0,12.25,911.0,0.0,71.06,69.26,82.4,67.28,65.12,62.6,23.8,29.7,26.4,43.8,,SSW,60.94,87.28
2024-05-19 15:30,87.44,86.72,86.54,86.18,40.22,6.8,189.0,11.66,652.0,0.0,71.78,69.8,83.12,67.46,65.66,62.6,23.8,29.7,26.3,43.8,,S,60.37,87.24
2024-05-19 16:00,87.26,86.72,86.72,86.36,40.82,8.55,198.0,14.19,666.0,0.0,72.32,70.16,83.66,67.64,66.02,62.6,23.8,29.7,26.3,43.8,,SSW,60.64,87.15
2024-05-19 16:30,87.62,86.54,86.72,86.72,40.81,6.8,194.0,13.02,448.0,0.0,72.68,70.52,84.02,67.82,66.38,62.6,23.8,29.7,26.2,43.7,,SSW,60.94,87.62
2024-05-19 17:00,86.18,85.28,85.82,85.82,43.19,5.05,205.0,8.55,348.0,0.0,73.04,70.88,84.2,68.0,66.74,62.6,23.7,29.8,26.1,43.7,,SSW,61.23,86.36
2024-05-19 17:30,87.98,87.44,87.08,86.9,40.27,6.41,197.0,10.69,644.0,0.0,73.04,71.24,84.2,68.18,66.92,62.6,23.7,29.8,26.1,43.7,,SSW,60.91,87.94
2024-05-19 18:00,86.9,85.46,86.0,86.18,40.87,5.64,196.0,8.75,267.0,0.0,73.22,71.42,84.38,68.36,67.1,62.6,23.6,29.8,26.1,43.7,,SSW,60.33,86.72
2024-05-19 18:30,84.74,83.12,84.56,84.92,44.12,3.3,216.0,8.16,70.0,0.0,73.22,71.6,84.38,68.36,67.28,62.78,23.6,29.8,26.0,43.7,,SW,60.53,84.81
2024-05-19 19:00,77.9,77.18,77.54,77.54,57.06,14.58,340.0,21.58,19.0,0.0,73.22,71.78,84.2,68.54,67.28,62.78,23.6,29.8,26.0,43.7,,NNW,61.45,
2024-05-19 19:30,77.36,76.82,77.54,77.72,54.06,8.75,344.0,16.13,9.0,0.0,72.86,71.78,84.02,68.72,67.28,62.78,23.5,29.8,26.0,43.7,,NNW,59.41,
2024-05-19 20:00,74.84,74.3,74.66,74.84,60.68,9.91,268.0,19.24,2.0,0.0,72.68,71.6,83.66,68.9,67.28,62.78,23.5,29.8,26.0,43.7,,W,60.3,
2024-05-19 20:30,73.04,72.5,72.86,73.22,67.87,3.89,148.0,8.55,1.0,0.0,72.32,71.6,83.12,68.9,67.28,62.78,23.4,29.7,26.0,43.7,,SSE,61.75,
2024-05-19 21:00,72.32,71.6,71.96,72.14,74.44,3.89,157.0,6.03,1.0,0.01,71.96,71.42,82.76,69.08,67.1,62.78,23.4,29.7,26.0,43.7,,SSE,63.7,
2024-05-19 21:30,70.34,69.62,70.16,70.34,83.4,4.28,352.0,7.19,0.0,0.02,71.6,71.24,82.4,69.08,66.92,62.78,23.4,29.7,26.1,43.7,,N,65.05,
2024-05-19 22:00,69.98,69.26,69.8,70.16,83.2,3.11,51.0,6.41,0.0,0.0,71.42,71.06,82.04,69.26,66.74,62.78,23.4,29.6,26.1,43.7,,NE,64.62,
2024-05-19 22:30,69.62,68.9,68.9,69.62,83.0,2.72,104.0,6.03,0.0,0.0,71.24,70.88,81.86,69.26,66.56,62.78,23.4,29.6,26.1,43.8,,ESE,64.2,
2024-05-19 23:00,68.9,68.18,68.72,69.08,85.95,2.14,3.0,8.55,0.0,0.0,70.88,70.7,81.5,69.26,66.38,62.78,23.3,29.7,26.1,43.8,,N,64.49,
2024-05-19 23:30,68.36,67.82,68.0,68.18,89.03,1.36,84.0,1.94,0.0,0.0,70.7,70.52,81.32,69.26,66.2,62.96,23.3,29.6,26.1,43.8,,E,64.98,
2024-05-20 00:00,68.18,67.1,67.82,68.18,89.74,1.17,115.0,3.3,0.0,0.0,70.52,70.34,80.96,69.26,66.2,62.96,23.3,29.6,26.1,43.8,,ESE,65.03,
2024-05-20 00:30,67.64,66.92,67.46,67.64,90.43,1.75,41.0,3.69,0.0,0.0,70.34,70.16,80.78,69.08,66.02,62.96,23.2,29.6,26.1,43.8,,NE,64.72,
2024-05-20 01:00,66.92,66.2,66.56,66.92,90.67,1.75,38.0,3.5,0.0,0.0,70.16,69.98,80.6,69.08,65.84,62.96,23.3,29.5,26.1,43.8,,NE,64.08,
2024-05-20 01:30,66.74,66.2,66.38,66.74,91.07,2.92,88.0,4.47,0.0,0.0,69.8,69.8,80.24,69.08,65.66,62.96,23.2,29.5,26.1,43.8,,E,64.04,
2024-05-20 02:00,66.92,66.02,66.2,66.92,90.22,1.56,83.0,3.3,0.0,0.0,69.62,69.62,80.06,69.08,65.48,62.96,23.2,29.5,26.1,43.8,,E,63.95,
2024-05-20 02:30,66.92,65.84,66.2,67.1,88.89,1.75,95.0,5.05,0.0,0.0,69.44,69.44,79.88,69.08,65.3,63.14,23.2,29.5,26.0,43.8,,E,63.52,
2024-05-20 03:00,65.48,64.4,65.12,66.02,91.12,0.78,15.0,1.94,0.0,0.0,69.26,69.26,79.52,68.9,65.12,63.14,23.2,29.5,26.0,43.8,,NNE,62.8,
2024-05-20 03:30,64.94,64.04,64.94,65.3,92.38,1.75,160.0,2.53,0.0,0.0,69.08,69.08,79.34,68.9,65.12,63.14,23.1,29.5,26.0,43.8,,SSE,62.65,
2024-05-20 04:00,65.12,64.22,65.12,65.48,92.89,2.14,157.0,3.5,0.0,0.0,68.9,69.08,79.16,68.9,64.94,63.14,23.1,29.5,26.0,43.8,,SSE,63.0,
2024-05-20 04:30,64.94,63.86,64.94,65.3,92.38,2.14,148.0,3.69,0.0,0.0,68.72,68.9,78.98,68.72,64.76,63.14,23.1,29.4,26.0,43.8,,SSE,62.65,
2024-05-20 05:00,65.12,63.86,65.3,65.84,91.47,1.94,164.0,3.5,0.0,0.0,68.54,68.72,78.8,68.72,64.58,63.14,23.1,29.4,26.0,43.8,,SSE,62.56,
2024-05-20 05:30,65.48,64.22,65.84,66.38,90.19,3.11,163.0,4.86,0.0,0.0,68.36,68.54,78.62,68.72,64.4,63.14,23.1,29.4,26.0,43.8,,SSE,62.51,
2024-05-20 06:00,65.48,64.22,65.66,66.38,88.79,3.5,179.0,5.64,0.0,0.0,68.18,68.36,78.44,68.54,64.22,63.32,23.1,29.4,26.0,43.8,,S,62.06,
2024-05-20 06:30,64.94,63.68,64.94,65.84,89.52,2.92,177.0,4.08,1.0,0.0,68.0,68.18,78.26,68.54,64.22,63.32,23.1,29.3,26.0,43.8,,S,61.75,
2024-05-20 07:00,65.48,64.22,65.66,66.2,88.32,3.3,156.0,4.86,36.0,0.0,67.82,68.0,78.08,68.36,64.04,63.32,23.0,29.3,26.0,43.8,,SSE,61.92,
2024-05-20 07:30,67.64,65.84,67.1,67.28,83.98,3.3,175.0,4.67,114.0,0.0,67.64,68.0,77.9,68.36,63.86,63.32,23.0,29.3,26.0,43.8,,S,62.6,
2024-05-20 08:00,69.26,68.0,68.72,68.72,80.41,3.69,189.0,5.64,143.0,0.0,67.64,67.82,77.72,68.36,63.86,63.32,23.0,29.4,26.0,43.8,,S,62.94,
2024-05-20 08:30,69.98,69.08,69.44,69.62,78.4,4.28,189.0,7.0,145.0,0.0,67.46,67.82,77.72,68.18,63.68,63.32,23.0,29.3,26.1,43.8,,S,62.92,
2024-05-20 09:00,71.78,71.24,71.24,71.06,74.44,5.44,196.0,9.52,332.0,0.0,67.46,67.64,77.72,68.18,63.68,63.32,23.0,29.3,26.0,43.9,,SSW,63.18,
2024-05-20 09:30,73.58,73.4,73.22,73.04,71.28,6.03,201.0,10.11,410.0,0.0,67.46,67.64,77.9,68.0,63.5,63.32,23.0,29.3,26.0,43.9,,SSW,63.68,
2024-05-20 10:00,75.74,75.74,75.38,75.02,66.45,6.41,199.0,10.5,556.0,0.0,67.64,67.64,78.08,68.0,63.5,63.32,23.0,29.3,26.0,43.8,,SSW,63.73,
2024-05-20 10:30,78.08,78.08,77.72,77.36,61.59,6.41,213.0,12.44,644.0,0.0,67.64,67.64,78.26,68.0,63.68,63.32,23.0,29.3,25.9,43.8,,SSW,63.79,
2024-05-20 11:00,80.24,80.42,79.88,79.7,57.1,7.78,202.0,13.61,784.0,0.0,68.0,67.64,78.62,67.82,63.68,63.32,23.0,29.3,25.8,43.8,,SSW,63.66,81.77
2024-05-20 11:30,81.86,81.86,81.5,81.32,51.08,7.78,203.0,16.72,753.0,0.0,68.36,67.82,79.16,67.82,63.86,63.32,23.0,29.3,25.8,43.8,,SSW,62.01,82.78
2024-05-20 12:00,83.66,83.3,83.3,82.94,42.49,11.27,189.0,19.05,891.0,0.0,68.72,68.0,79.52,67.82,64.04,63.32,23.0,29.3,25.7,43.8,,S,58.5,83.34
2024-05-20 12:30,84.02,83.66,83.84,83.48,38.69,13.61,187.0,20.41,853.0,0.0,69.08,68.36,80.06,67.82,64.22,63.32,23.0,29.3,25.7,43.8,,S,56.21,83.1
2024-05-20 13:00,84.56,84.38,84.2,83.84,39.16,11.86,190.0,20.02,888.0,0.0,69.44,68.54,80.6,67.82,64.58,63.32,22.9,29.2,25.6,43.8,,S,57.04,83.71
2024-05-20 13:30,84.92,84.74,84.56,84.38,38.39,12.63,202.0,22.94,861.0,0.0,69.8,68.9,81.14,67.82,64.76,63.32,22.9,29.2,25.5,43.8,,SSW,56.8,83.97
2024-05-20 14:00,84.92,84.92,84.74,84.56,38.78,12.05,216.0,21.19,822.0,0.0,70.34,69.08,81.5,68.0,65.12,63.32,22.9,29.2,25.5,43.7,,SW,57.09,84.02
2024-05-20 14:30,85.1,85.28,84.92,84.74,38.5,11.47,212.0,20.02,921.0,0.0,70.7,69.44,82.04,68.0,65.3,63.32,22.9,29.2,25.4,43.7,,SSW,57.06,84.16
2024-05-20 15:00,86.0,86.18,85.82,85.46,38.12,11.47,212.0,18.86,917.0,0.0,71.06,69.8,82.4,68.18,65.66,63.32,22.8,29.1,25.3,43.7,,SSW,57.58,85.06
2024-05-20 15:30,86.36,86.54,86.0,85.64,36.83,11.27,209.0,18.86,911.0,0.0,71.42,69.98,82.94,68.18,65.84,63.32,22.8,29.1,25.2,43.7,,SSW,56.95,85.21
2024-05-20 16:00,86.54,86.54,86.36,86.0,36.89,11.66,210.0,20.02,847.0,0.0,71.96,70.34,83.3,68.36,66.2,63.32,22.8,29.1,25.2,43.6,,SSW,57.16,85.42
2024-05-20 16:30,86.18,86.18,86.0,85.82,37.0,12.25,206.0,20.8,691.0,0.0,72.32,70.7,83.84,68.36,66.56,63.32,22.7,29.0,25.1,43.6,,SSW,56.91,85.05
2024-05-20 17:00,86.72,86.54,86.36,86.18,36.64,10.5,200.0,18.66,683.0,0.0,72.68,71.06,84.02,68.54,66.74,63.32,22.7,29.0,25.1,43.6,,SSW,57.13,85.57
2024-05-20 17:30,86.54,86.0,86.18,86.18,35.33,10.69,198.0,17.69,558.0,0.0,72.86,71.24,84.38,68.72,67.1,63.32,22.6,29.0,24.9,43.6,,SSW,55.98,85.14
2024-05-20 18:00,85.82,85.1,85.46,85.46,36.82,10.3,201.0,15.75,427.0,0.0,73.04,71.42,84.38,68.72,67.28,63.32,22.6,29.0,24.9,43.5,,SSW,56.46,84.63
2024-05-20 18:30,85.46,84.74,85.28,85.28,38.28,8.94,200.0,15.94,382.0,0.0,73.04,71.6,84.38,68.9,67.28,63.32,22.6,29.0,24.9,43.5,,SSW,57.22,84.51
2024-05-20 19:00,85.46,84.2,84.92,84.92,39.33,10.11,192.0,17.11,314.0,0.0,72.86,71.78,84.2,69.08,67.46,63.32,22.5,29.0,24.9,43.5,,SSW,57.97,84.7
2024-05-20 19:30,83.48,82.4,83.3,83.66,41.33,8.55,194.0,14.58,166.0,0.0,72.86,71.78,84.02,69.26,67.46,63.32,22.5,29.0,24.9,43.5,,SSW,57.56,82.98
2024-05-20 20:00,82.58,81.5,82.58,82.76,42.63,7.58,196.0,12.63,97.0,0.0,72.68,71.78,83.84,69.26,67.46,63.32,22.4,28.9,24.8,43.5,,SSW,57.6,82.29
2024-05-20 20:30,81.5,80.42,81.5,82.04,43.75,6.22,193.0,10.11,48.0,0.0,72.5,71.6,83.66,69.44,67.28,63.32,22.4,28.9,24.8,43.5,,SSW,57.33,81.46
2024-05-20 21:00,80.42,79.34,80.42,80.96,46.2,5.25,185.0,8.55,22.0,0.0,72.14,71.6,83.3,69.44,67.28,63.5,22.4,28.9,24.8,43.5,,S,57.87,80.8
2024-05-20 21:30,78.44,76.82,78.44,79.34,50.9,3.69,168.0,5.64,1.0,0.0,71.96,71.42,83.12,69.62,67.1,63.5,22.3,28.9,24.8,43.5,,SSE,58.73,
2024-05-20 22:00,77.18,75.74,77.54,78.08,54.23,3.69,165.0,6.03,0.0,0.0,71.6,71.24,82.76,69.62,67.1,63.5,22.3,28.8,24.8,43.5,,SSE,59.34,
2024-05-20 22:30,76.64,75.2,76.82,77.36,56.23,3.69,166.0,6.03,0.0,0.0,71.42,71.24,82.58,69.62,66.92,63.5,22.3,28.8,24.8,43.5,,SSE,59.85,
2024-05-20 23:00,75.56,74.12,75.74,76.46,58.94,2.92,177.0,6.22,0.0,0.0,71.24,71.06,82.22,69.62,66.74,63.5,22.3,28.8,24.8,43.5,,S,60.17,
2024-05-20 23:30,74.3,72.14,74.3,75.2,61.94,2.53,189.0,3.89,0.0,0.0,70.88,70.88,81.86,69.62,66.56,63.5,22.2,28.8,24.8,43.5,,S,60.37,
2024-05-21 00:00,73.22,70.88,73.4,74.3,64.52,2.14,175.0,3.3,0.0,0.0,70.7,70.7,81.68,69.62,66.38,63.5,22.2,28.8,24.8,43.5,,S,60.49,
2024-05-21 00:30,72.86,70.88,73.22,74.12,65.94,2.53,168.0,3.69,0.0,0.0,70.52,70.52,81.32,69.62,66.2,63.5,22.2,28.8,24.8,43.5,,SSE,60.76,
2024-05-21 01:00,71.96,70.7,71.96,72.86,68.28,3.89,31.0,8.16,0.0,0.0,70.34,70.34,81.14,69.62,66.02,63.68,22.1,28.7,24.8,43.5,,NNE,60.89,
2024-05-21 01:30,72.68,71.42,72.5,73.04,67.52,3.3,92.0,5.64,0.0,0.0,70.16,70.16,80.96,69.44,66.02,63.68,22.1,28.7,24.7,43.5,,E,61.27,
2024-05-21 02:00,70.34,68.72,70.16,70.7,73.12,2.14,169.0,4.08,0.0,0.0,69.8,69.98,80.78,69.44,65.84,63.68,22.1,28.7,24.7,43.6,,S,61.29,
2024-05-21 02:30,69.44,67.82,69.44,70.52,75.51,3.69,186.0,4.67,0.0,0.0,69.8,69.8,80.6,69.44,65.66,63.68,22.1,28.6,24.7,43.6,,S,61.32,
2024-05-21 03:00,69.62,68.18,69.8,70.7,74.09,3.89,186.0,5.25,0.0,0.0,69.44,69.62,80.24,69.44,65.48,63.68,22.1,28.6,24.7,43.6,,S,60.96,
2024-05-21 03:30,68.36,67.1,68.36,69.44,77.22,3.69,177.0,5.05,0.0,0.0,69.26,69.44,80.06,69.26,65.3,63.68,22.1,28.6,24.7,43.6,,S,60.91,
2024-05-21 04:00,68.0,67.1,68.18,69.08,77.78,4.08,182.0,6.61,0.0,0.0,69.08,69.26,79.88,69.26,65.12,63.68,22.1,28.6,24.7,43.6,,S,60.76,
2024-05-21 04:30,68.18,67.1,68.36,68.9,77.02,3.3,175.0,6.03,0.0,0.0,68.9,69.26,79.7,69.26,65.12,63.68,22.1,28.6,24.7,43.6,,S,60.66,
2024-05-21 05:00,67.28,65.48,67.28,68.36,78.95,2.14,178.0,3.89,0.0,0.0,68.72,69.08,79.52,69.08,64.94,63.86,22.0,28.6,24.7,43.6,,S,60.49,
2024-05-21 05:30,65.3,63.86,64.76,66.74,83.1,1.56,119.0,2.33,0.0,0.0,68.54,68.9,79.16,69.08,64.76,63.86,22.0,28.6,24.6,43.6,,ESE,60.01,
2024-05-21 06:00,63.5,62.06,62.78,64.04,86.5,0.97,110.0,2.72,0.0,0.0,68.36,68.72,78.98,69.08,64.58,63.86,22.0,28.5,24.6,43.6,,ESE,59.36,
2024-05-21 06:30,62.78,61.16,62.24,63.32,88.21,0.78,154.0,2.33,2.0,0.0,68.18,68.54,78.8,68.9,64.4,63.86,22.0,28.5,24.7,43.6,,SSE,59.22,
2024-05-21 07:00,63.68,60.98,62.96,64.58,87.13,0.78,151.0,2.33,34.0,0.0,68.0,68.36,78.62,68.9,64.4,63.86,21.9,28.5,24.7,43.6,,SSE,59.76,
2024-05-21 07:30,67.82,63.86,64.22,64.94,79.83,0.39,128.0,2.72,108.0,0.0,67.82,68.18,78.44,68.72,64.22,63.86,21.9,28.5,24.7,43.6,,SE,61.32,
2024-05-21 08:00,72.32,68.72,69.08,69.26,71.96,2.53,162.0,4.86,205.0,0.0,67.64,68.0,78.26,68.72,64.04,63.86,21.9,28.5,24.7,43.6,,SSE,62.73,
2024-05-21 08:30,73.58,71.96,71.78,71.6,68.9,4.08,180.0,7.0,288.0,0.0,67.46,67.82,78.08,68.54,63.86,63.86,21.9,28.5,24.6,43.6,,S,62.71,
2024-05-21 09:00,75.56,74.12,73.58,73.4,65.89,4.47,167.0,8.36,377.0,0.0,67.46,67.82,78.26,68.54,63.68,63.86,21.9,28.4,24.6,43.6,,SSE,63.32,
2024-05-21 09:30,77.54,76.1,75.38,75.02,63.98,4.86,162.0,8.75,453.0,0.0,67.64,67.82,78.26,68.54,63.68,63.86,21.9,28.4,24.6,43.6,,SSE,64.36,
2024-05-21 10:00,79.7,78.8,78.26,77.9,60.81,5.05,168.0,9.33,543.0,0.0,67.64,67.82,78.44,68.36,63.68,63.86,21.8,28.4,24.5,43.6,,SSE,64.96,
2024-05-21 10:30,80.96,80.42,80.24,79.88,55.68,6.8,184.0,12.83,589.0,0.0,68.0,67.82,78.8,68.36,63.68,63.86,21.8,28.3,24.5,43.6,,S,63.63,82.42
2024-05-21 11:00,81.86,81.86,81.68,81.32,51.48,9.52,202.0,15.36,723.0,0.0,68.18,68.0,79.16,68.18,63.86,63.86,21.8,28.3,24.4,43.6,,SSW,62.22,82.83
2024-05-21 11:30,82.94,82.76,82.58,82.4,48.57,10.89,190.0,19.24,711.0,0.0,68.54,68.18,79.7,68.18,64.04,63.86,21.8,28.3,24.3,43.5,,S,61.57,83.59
2024-05-21 12:00,82.94,82.76,82.94,82.58,47.92,11.86,194.0,18.27,692.0,0.0,68.9,68.36,80.24,68.18,64.22,63.86,21.8,28.3,24.3,43.5,,SSW,61.2,83.46
2024-05-21 12:30,67.82,63.86,64.22,64.94,79.98,0.39,127.6,2.72,108.0,0.0,67.82,68.18,78.44,68.72,64.22,63.86,21.9,28.5,24.7,43.6,,SE,61.38,
2024-05-21 13:00,72.32,68.72,69.08,69.26,72.01,2.53,162.3,4.86,205.0,0.0,67.64,68.0,78.26,68.72,64.04,63.86,21.9,28.5,24.7,43.6,,SSE,62.76,
2024-05-21 13:30,73.58,71.96,71.78,71.6,68.66,4.08,179.5,7.0,288.0,0.0,67.46,67.82,78.08,68.54,63.86,63.86,21.9,28.5,24.6,43.6,,S,62.6,
2024-05-21 14:00,75.56,74.12,73.58,73.4,65.71,4.47,166.7,8.36,377.0,0.0,67.46,67.82,78.26,68.54,63.68,63.86,21.9,28.4,24.6,43.6,,SSE,63.25,
2024-05-21 14:30,77.54,76.1,75.38,75.02,64.01,4.86,161.7,8.75,453.0,0.0,67.64,67.82,78.26,68.54,63.68,63.86,21.9,28.4,24.6,43.6,,SSE,64.38,
2024-05-21 15:00,79.7,78.8,78.26,77.9,60.68,5.05,168.0,9.33,543.0,0.0,67.64,67.82,78.44,68.36,63.68,63.86,21.8,28.4,24.5,43.6,,SSE,64.9,
2024-05-21 15:30,80.96,80.42,80.24,79.88,55.64,6.8,183.6,12.83,589.0,0.0,68.0,67.82,78.8,68.36,63.68,63.86,21.8,28.3,24.5,43.6,,S,63.61,82.4
2024-05-21 16:00,81.86,81.86,81.68,81.32,51.37,9.52,202.2,15.36,723.0,0.0,68.18,68.0,79.16,68.18,63.86,63.86,21.8,28.3,24.4,43.6,,SSW,62.17,82.81
2024-05-21 16:30,82.94,82.76,82.58,82.4,48.39,10.89,189.5,19.24,711.0,0.0,68.54,68.18,79.7,68.18,64.04,63.86,21.8,28.3,24.3,43.5,,S,61.48,83.55
2024-05-21 17:00,82.94,82.76,82.94,82.58,47.89,11.86,194.1,18.27,692.0,0.0,68.9,68.36,80.24,68.18,64.22,63.86,21.8,28.3,24.3,43.5,,SSW,61.18,83.46
2024-05-21 17:30,84.2,84.56,84.2,84.02,46.45,10.89,208.0,17.88,850.0,0.0,69.26,68.54,80.78,68.18,64.4,63.86,21.8,28.2,24.2,43.5,,SSW,61.48,84.65
2024-05-21 18:00,85.28,85.28,84.92,84.56,44.29,11.08,202.3,21.19,890.0,0.0,69.62,68.9,81.14,68.18,64.58,63.86,21.8,28.2,24.1,43.5,,SSW,61.12,85.5
2024-05-21 18:30,85.64,85.64,85.46,85.1,42.12,12.44,192.8,20.8,832.0,0.0,70.16,69.08,81.86,68.18,64.94,63.86,21.8,28.2,24.0,43.5,,SSW,60.04,85.46
2024-05-21 19:00,85.46,84.92,85.1,84.92,42.38,10.5,187.7,17.88,575.0,0.0,70.7,69.44,82.4,68.36,65.3,63.86,21.8,28.2,23.9,43.4,,S,60.04,85.3
2024-05-21 19:30,86.0,85.82,85.82,85.64,42.35,10.5,197.1,17.69,654.0,0.0,71.06,69.8,82.94,68.36,65.66,63.86,21.8,28.2,23.8,43.4,,SSW,60.53,85.95
2024-05-21 20:00,87.62,87.62,87.26,86.72,40.19,10.89,185.6,20.8,944.0,0.0,71.42,69.98,83.3,68.36,65.84,63.86,21.7,28.1,23.6,43.4,,S,60.51,87.46
2024-05-21 20:30,88.34,88.34,87.8,87.26,38.58,11.27,187.5,20.22,927.0,0.0,71.78,70.34,83.66,68.54,66.2,63.86,21.6,28.1,23.5,43.4,,S,60.03,87.96
2024-05-21 21:00,88.34,88.16,87.8,87.26,38.51,11.08,184.4,18.66,793.0,0.0,72.32,70.7,84.2,68.72,66.38,63.86,21.6,28.0,23.4,43.4,,S,59.97,87.94
2024-05-21 21:30,89.42,88.88,88.52,87.98,38.25,9.91,172.1,20.8,863.0,0.0,72.68,71.06,84.74,68.72,66.74,63.86,21.6,28.0,23.4,43.3,,S,60.75,89.31
2024-05-21 22:00,88.88,88.52,88.34,87.8,38.07,13.22,182.1,21.38,758.0,0.0,73.22,71.24,85.1,68.9,67.1,63.86,21.6,28.0,23.3,43.3,,S,60.13,88.54
2024-05-21 22:30,88.34,87.98,87.8,87.62,39.03,13.22,184.7,21.19,629.0,0.0,73.4,71.6,85.46,69.08,67.28,63.86,21.5,28.0,23.3,43.3,,S,60.35,88.09
2024-05-21 23:00,87.08,86.18,86.54,86.54,41.59,12.05,178.2,21.77,386.0,0.0,73.76,71.96,85.82,69.26,67.46,63.86,21.5,28.0,23.2,43.3,,S,61.0,87.12
2024-05-21 23:30,86.54,85.82,86.18,86.18,41.16,13.8,182.0,23.91,394.0,0.0,73.76,72.14,85.82,69.44,67.64,63.86,21.5,28.0,23.2,43.3,,S,60.21,86.34
2024-05-22 00:00,86.9,86.0,86.36,86.18,41.15,13.02,180.5,23.33,381.0,0.0,73.58,72.14,85.64,69.44,67.64,63.86,21.4,27.9,23.1,43.2,,S,60.53,86.77
2024-05-22 00:30,86.18,84.92,85.28,85.46,42.42,11.66,166.7,22.16,285.0,0.0,73.58,72.32,85.46,69.62,67.64,63.86,21.4,27.9,23.1,43.2,,SSE,60.73,86.18
2024-05-22 01:00,85.1,83.84,84.56,84.74,43.43,13.61,176.6,27.6,187.0,0.0,73.4,72.14,85.1,69.8,67.64,63.86,21.3,27.9,23.0,43.2,,S,60.4,85.1
2024-05-22 01:30,83.66,82.76,83.66,84.02,45.88,14.0,182.5,27.41,54.0,0.0,73.04,72.14,84.92,69.8,67.64,63.86,21.3,27.8,23.0,43.2,,S,60.64,83.91
2024-05-22 02:00,82.4,81.5,82.4,82.76,48.91,11.47,173.4,19.63,15.0,0.0,72.86,72.14,84.56,69.98,67.64,63.86,21.3,27.9,23.0,43.2,,S,61.29,83.03
2024-05-22 02:30,81.14,80.6,81.32,81.86,51.41,11.27,173.0,19.63,1.0,0.0,72.5,71.96,84.38,69.98,67.46,63.86,21.2,27.8,23.0,43.2,,S,61.52,82.06
2024-05-22 03:00,80.6,80.06,80.96,81.32,52.5,12.44,174.0,20.99,0.0,0.0,72.32,71.78,84.02,70.16,67.28,63.86,21.2,27.8,23.0,43.2,,S,61.61,81.63
2024-05-22 03:30,80.06,79.52,80.24,80.6,54.17,11.47,182.2,19.44,0.0,0.0,71.96,71.6,83.66,70.16,67.1,63.86,21.1,27.7,23.0,43.2,,S,62.01,81.27
2024-05-22 04:00,79.88,79.34,80.06,80.42,55.33,11.86,184.4,20.41,0.0,0.0,71.78,71.42,83.48,70.16,66.92,64.04,21.1,27.7,23.0,43.2,,S,62.44,
2024-05-22 04:30,79.52,79.16,79.88,80.06,56.8,13.61,184.3,22.74,0.0,0.0,71.6,71.24,83.12,70.16,66.92,64.04,21.1,27.7,22.9,43.2,,S,62.83,
2024-05-22 05:00,79.16,78.8,79.34,79.7,58.33,12.83,183.9,21.77,0.0,0.0,71.42,71.24,82.94,70.16,66.74,64.04,21.1,27.6,22.9,43.2,,S,63.27,
2024-05-22 05:30,78.8,78.44,79.16,79.34,59.51,13.02,186.1,21.19,0.0,0.0,71.24,71.06,82.76,70.16,66.56,64.04,21.0,27.6,22.9,43.2,,S,63.48,
2024-05-22 06:00,78.62,78.26,78.98,79.16,54.81,16.33,205.6,34.21,0.0,0.0,71.06,70.88,82.58,70.16,66.38,64.04,21.0,27.6,22.9,43.2,,SSW,60.98,
2024-05-22 06:30,75.74,75.2,75.74,76.1,51.46,13.41,201.4,25.85,0.0,0.0,70.88,70.7,82.4,69.98,66.38,64.04,21.0,27.6,22.8,43.2,,SSW,56.53,
2024-05-22 07:00,73.58,73.04,73.58,73.94,60.06,11.27,196.1,22.35,0.0,0.0,70.7,70.52,82.22,69.98,66.2,64.04,21.0,27.6,22.8,43.2,,SSW,58.82,
2024-05-22 07:30,72.32,71.96,72.5,72.68,67.64,12.83,200.3,22.74,0.0,0.0,70.52,70.52,82.04,69.98,66.02,64.22,20.9,27.6,22.8,43.2,,SSW,60.98,
2024-05-22 08:00,71.96,71.42,72.14,72.32,71.7,10.11,204.1,18.27,0.0,0.0,70.16,70.34,81.68,69.98,65.84,64.22,20.9,27.5,22.8,43.2,,SSW,62.28,
2024-05-22 08:30,71.96,71.6,72.32,72.5,72.67,11.08,198.7,17.3,0.0,0.0,69.98,70.16,81.5,69.8,65.84,64.22,20.9,27.4,22.8,43.2,,SSW,62.67,
2024-05-22 09:00,72.14,71.78,72.32,72.5,73.66,10.5,188.7,17.88,0.0,0.0,69.8,69.98,81.32,69.8,65.66,64.22,20.9,27.4,22.8,43.2,,S,63.23,
2024-05-22 09:30,72.32,72.14,72.5,72.68,74.21,10.69,193.8,18.08,0.0,0.0,69.62,69.8,81.14,69.8,65.48,64.22,20.9,27.4,22.8,43.2,,SSW,63.61,
2024-05-22 10:00,72.5,72.14,72.68,72.86,73.98,10.69,193.7,20.41,0.0,0.0,69.62,69.62,80.96,69.62,65.3,64.22,20.8,27.4,22.8,43.2,,SSW,63.7,
2024-05-22 10:30,72.68,72.32,72.86,73.22,73.78,10.89,207.5,20.99,0.0,0.0,69.44,69.62,80.78,69.62,65.3,64.22,20.8,27.4,22.8,43.2,,SSW,63.79,
2024-05-22 11:00,72.68,72.32,72.86,73.04,74.41,10.3,215.4,18.47,0.0,0.0,69.26,69.44,80.78,69.62,65.12,64.22,20.8,27.4,22.7,43.2,,SW,64.04,
2024-05-22 11:30,72.68,72.5,72.86,73.04,75.28,9.72,221.4,15.94,0.0,0.0,69.26,69.26,80.6,69.44,65.12,64.22,20.8,27.4,22.7,43.2,,SW,64.38,
2024-05-22 12:00,72.32,71.96,72.5,72.68,77.03,9.14,219.5,16.33,21.0,0.0,69.08,69.26,80.42,69.44,64.94,64.22,20.8,27.3,22.7,43.3,,SW,64.69,
2024-05-22 12:30,72.32,72.14,72.5,72.5,78.18,9.52,227.8,17.3,25.0,0.0,69.08,69.08,80.42,69.44,64.94,64.22,20.8,27.3,22.7,43.3,,SW,65.12,
2024-05-22 13:00,72.32,72.32,72.5,72.5,79.66,10.11,228.4,19.24,118.0,0.0,69.08,69.08,80.24,69.26,64.76,64.4,20.8,27.3,22.6,43.3,,SW,65.66,
2024-05-22 13:30,70.7,70.34,70.34,70.34,69.12,10.5,263.7,18.66,214.0,0.0,69.08,69.08,80.24,69.26,64.76,64.4,20.8,27.4,22.6,43.3,,W,60.03,
2024-05-22 14:00,70.52,70.52,70.16,69.98,61.58,11.86,254.0,20.41,424.0,0.0,68.9,68.9,80.24,69.26,64.58,64.4,20.7,27.3,22.6,43.2,,WSW,56.62,
2024-05-22 14:30,69.98,69.98,69.62,69.44,64.16,10.89,250.4,19.24,335.0,0.0,68.9,68.9,80.24,69.08,64.58,64.4,20.7,27.3,22.6,43.2,,WSW,57.25,
2024-05-22 15:00,69.8,70.34,69.62,69.26,63.94,9.14,244.4,14.38,561.0,0.0,68.9,68.9,80.24,69.08,64.58,64.4,20.7,27.3,22.5,43.2,,WSW,56.98,
2024-05-22 15:30,70.7,71.42,70.52,69.98,61.3,10.89,240.9,17.11,684.0,0.0,68.9,68.9,80.42,69.08,64.58,64.4,20.7,27.2,22.5,43.2,,WSW,56.68,
2024-05-22 16:00,71.6,72.32,71.42,70.88,58.07,11.08,242.6,18.66,767.0,0.0,68.9,68.9,80.6,69.08,64.58,64.4,20.7,27.2,22.4,43.2,,WSW,56.01,
2024-05-22 16:30,72.32,73.22,72.32,71.78,55.22,10.11,237.2,15.75,841.0,0.0,69.08,68.9,80.96,68.9,64.76,64.4,20.6,27.1,22.3,43.2,,WSW,55.29,
2024-05-22 17:00,73.58,74.48,73.58,73.04,52.39,11.27,239.0,19.83,902.0,0.0,69.26,69.08,81.32,68.9,64.76,64.4,20.6,27.1,22.3,43.2,,WSW,55.02,
2024-05-22 17:30,74.66,75.74,74.84,74.3,50.94,11.86,236.2,18.08,957.0,0.0,69.62,69.26,81.86,68.9,64.94,64.4,20.6,27.1,22.2,43.2,,SW,55.26,
2024-05-22 18:00,75.38,76.28,75.38,74.66,48.24,12.05,235.5,23.13,992.0,0.0,69.98,69.44,82.4,68.9,65.12,64.4,20.6,27.0,22.1,43.1,,SW,54.43,
2024-05-22 18:30,76.64,77.54,76.46,75.92,44.19,12.05,246.3,18.27,1015.0,0.0,70.34,69.62,82.94,68.9,65.48,64.4,20.6,27.0,22.1,43.1,,WSW,53.17,
2024-05-22 19:00,77.72,78.62,77.54,77.0,43.49,10.89,225.5,18.27,1006.0,0.0,70.88,69.98,83.66,68.9,65.84,64.4,20.6,27.1,22.0,43.1,,SW,53.73,
2024-05-22 19:30,78.44,79.34,78.26,77.72,42.74,10.89,226.2,17.88,1001.0,0.0,71.42,70.34,84.2,69.08,66.2,64.4,20.6,27.1,21.9,43.1,,SW,53.91,
2024-05-22 20:00,79.34,80.06,79.34,78.8,38.06,12.83,236.3,21.97,980.0,0.0,71.96,70.7,84.92,69.08,66.56,64.4,20.6,27.0,21.9,43.0,,WSW,51.57,
2024-05-22 20:30,80.06,80.78,79.88,79.34,37.42,12.05,233.1,18.66,935.0,0.0,72.5,71.06,85.46,69.26,66.92,64.4,20.6,27.0,21.8,43.0,,SW,51.75,79.52
2024-05-22 21:00,80.6,80.96,80.42,79.88,35.38,12.44,246.9,20.99,822.0,0.0,73.04,71.42,86.0,69.26,67.28,64.4,20.6,27.0,21.7,43.0,,WSW,50.72,79.95
2024-05-22 21:30,80.6,80.96,80.42,80.06,35.37,13.41,252.9,23.13,789.0,0.0,73.4,71.78,86.36,69.44,67.64,64.4,20.6,27.0,21.7,42.9,,WSW,50.7,79.95
2024-05-22 22:00,80.24,80.24,80.06,79.7,34.79,14.77,260.4,22.74,665.0,0.0,73.76,72.14,86.54,69.62,68.0,64.4,20.6,27.0,21.6,42.9,,W,49.95,79.59
2024-05-22 22:30,79.16,78.98,78.98,78.8,35.29,15.36,261.7,27.41,533.0,0.0,73.76,72.32,86.72,69.8,68.18,64.4,20.5,27.0,21.6,42.9,,W,49.37,
2024-05-22 23:00,78.44,78.08,78.08,77.9,35.17,14.0,263.5,23.33,474.0,0.0,73.76,72.5,86.72,69.8,68.18,64.4,20.5,26.9,21.5,42.9,,W,48.63,
2024-05-22 23:30,76.46,75.92,76.28,76.28,36.55,11.27,255.2,18.47,306.0,0.0,73.76,72.68,86.54,69.98,68.18,64.4,20.5,26.8,21.5,42.9,,WSW,47.89,
2024-05-23 00:00,76.46,75.74,75.92,75.92,37.47,10.11,258.9,16.33,341.0,0.0,73.4,72.68,86.18,70.16,68.18,64.4,20.4,26.8,21.5,42.9,,W,48.56,
2024-05-23 00:30,75.92,75.02,75.2,75.38,38.67,8.55,242.4,13.22,276.0,0.0,73.22,72.5,85.82,70.34,68.0,64.4,20.4,26.7,21.4,42.8,,WSW,48.92,
2024-05-23 01:00,74.48,73.4,74.12,74.48,40.46,7.78,239.9,11.27,145.0,0.0,73.04,72.5,85.46,70.34,68.0,64.4,20.3,26.7,21.4,42.8,,WSW,48.83,
2024-05-23 01:30,74.12,72.68,73.58,74.12,39.53,6.8,259.4,10.5,115.0,0.0,72.68,72.32,85.1,70.52,67.82,64.4,20.3,26.7,21.4,42.8,,W,47.88,
2024-05-23 02:00,72.86,70.52,72.14,72.86,39.69,4.47,248.5,8.55,44.0,0.0,72.32,72.14,84.74,70.52,67.64,64.4,20.2,26.7,21.4,42.8,,WSW,46.85,
2024-05-23 02:30,69.8,66.92,69.62,70.52,48.13,3.5,233.8,4.67,2.0,0.0,71.96,71.96,84.2,70.52,67.46,64.4,20.2,26.7,21.4,42.8,,SW,49.23,
2024-05-23 03:00,67.46,64.76,67.28,68.0,54.63,3.11,204.4,4.08,0.0,0.0,71.6,71.6,83.84,70.52,67.28,64.4,20.1,26.7,21.4,42.8,,SSW,50.47,
2024-05-23 03:30,65.12,62.78,65.12,66.2,57.51,1.94,264.2,5.25,0.0,0.0,71.24,71.42,83.3,70.52,66.92,64.4,20.1,26.5,21.3,42.9,,W,49.66,
2024-05-23 04:00,62.78,60.8,62.24,64.22,66.22,1.94,137.1,3.3,0.0,0.0,70.88,71.06,82.94,70.52,66.74,64.4,20.1,26.5,21.4,42.9,,SE,51.26,
2024-05-23 04:30,61.52,58.64,61.52,62.78,71.27,1.75,163.9,2.92,0.0,0.0,70.52,70.88,82.4,70.52,66.38,64.58,20.0,26.5,21.4,42.9,,SSE,52.07,
2024-05-23 05:00,60.44,57.2,60.62,61.88,73.98,1.75,169.3,2.92,0.0,0.0,69.98,70.52,81.86,70.34,66.2,64.58,20.0,26.5,21.4,42.9,,S,52.03,
2024-05-23 05:30,59.72,57.02,59.9,61.34,75.68,2.33,188.3,3.69,0.0,0.0,69.62,70.16,81.5,70.34,65.84,64.58,20.0,26.5,21.4,42.9,,S,51.96,
2024-05-23 06:00,59.72,57.74,59.9,60.98,75.37,2.53,186.6,3.89,0.0,0.0,69.26,69.98,81.14,70.16,65.66,64.58,19.9,26.4,21.4,42.9,,S,51.85,
2024-05-23 06:30,59.18,57.2,59.36,60.44,75.51,2.33,187.0,3.89,0.0,0.0,68.9,69.62,80.78,70.16,65.3,64.58,19.9,26.4,21.3,42.9,,S,51.39,
2024-05-23 07:00,59.0,57.02,59.18,60.08,76.47,2.92,194.1,6.03,0.0,0.0,68.54,69.26,80.42,69.98,65.12,64.58,19.8,26.3,21.3,42.9,,SSW,51.55,
2024-05-23 07:30,59.36,57.56,59.18,59.72,76.3,4.08,199.5,5.83,0.0,0.0,68.18,69.08,80.06,69.8,64.76,64.58,19.8,26.3,21.3,42.9,,SSW,51.84,
2024-05-23 08:00,58.64,57.02,58.46,59.0,78.85,4.08,203.5,6.61,0.0,0.0,68.0,68.72,79.7,69.8,64.58,64.58,19.8,26.3,21.3,42.9,,SSW,52.03,
2024-05-23 08:30,57.38,55.58,57.2,57.92,82.46,1.75,215.2,3.89,0.0,0.0,67.64,68.54,79.34,69.62,64.22,64.58,19.8,26.2,21.3,42.9,,SW,52.03,
2024-05-23 09:00,56.66,55.04,56.66,57.38,85.59,0.58,244.1,1.56,0.0,0.0,67.46,68.18,78.98,69.44,64.04,64.58,19.7,26.2,21.2,42.9,,WSW,52.36,
2024-05-23 09:30,55.76,53.6,55.4,56.3,86.32,0.78,315.6,1.56,0.0,0.0,67.1,68.0,78.62,69.44,63.86,64.76,19.7,26.2,21.2,42.9,,NW,51.69,
2024-05-23 10:00,54.14,51.98,53.78,54.68,88.64,0.0,108.0,0.97,0.0,0.0,66.74,67.82,78.26,69.26,63.68,64.76,19.7,26.2,21.2,42.9,,ESE,50.83,
2024-05-23 10:30,52.88,50.9,52.52,53.42,91.45,0.0,91.0,0.78,0.0,0.0,66.56,67.46,77.9,69.08,63.32,64.76,19.6,26.1,21.2,42.9,,E,50.43,
2024-05-23 11:00,52.7,50.9,52.52,53.42,91.67,1.75,336.2,4.86,0.0,0.0,66.2,67.28,77.54,68.9,63.14,64.76,19.6,26.0,21.2,42.9,,NNW,50.32,
2024-05-23 11:30,52.52,50.9,52.16,53.06,91.74,1.17,331.8,2.14,3.0,0.0,65.84,66.92,77.18,68.9,62.78,64.76,19.6,26.0,21.2,42.9,,NNW,50.16,
2024-05-23 12:00,53.24,51.44,52.52,53.42,90.69,1.36,17.4,1.94,45.0,0.0,65.66,66.74,76.64,68.72,62.6,64.76,19.6,26.0,21.2,42.9,,NNE,50.56,
2024-05-23 12:30,56.66,54.14,54.32,54.86,84.97,1.36,15.8,2.72,125.0,0.0,65.3,66.38,76.28,68.54,62.42,64.76,19.6,26.0,21.2,42.9,,NNE,52.14,
2024-05-23 13:00,63.32,58.64,58.46,58.82,72.33,0.39,10.3,1.75,210.0,0.0,65.12,66.2,76.1,68.36,62.24,64.76,19.5,26.0,21.1,42.9,,N,54.19,
2024-05-23 13:30,69.62,62.6,63.5,63.14,58.0,0.39,96.7,1.94,307.0,0.0,64.94,66.02,75.92,68.18,61.88,64.76,19.5,26.0,21.1,42.9,,E,54.12,
2024-05-23 14:00,,67.46,67.28,66.38,,,,,,,64.94,65.84,75.74,68.18,61.88,64.76,19.5,25.9,21.1,42.9,,,,
2024-05-30 09:00,48.2,46.76,48.2,48.92,81.27,1.75,351.2,2.33,0.0,,64.4,65.12,71.6,66.92,61.52,63.86,24.9,33.5,23.9,41.2,0.0,N,42.67,
2024-05-30 09:05,48.2,46.4,47.84,48.56,81.47,1.17,352.4,1.36,0.0,,64.4,65.12,71.6,66.92,61.34,63.86,24.8,33.5,23.9,41.2,0.0,N,42.73,
2024-05-30 09:10,47.84,45.68,47.48,48.2,81.79,0.39,352.4,0.97,0.0,,64.22,65.12,71.42,66.92,61.34,63.86,24.8,33.5,23.9,41.3,0.0,N,42.48,
2024-05-30 09:15,47.66,45.32,47.3,47.84,83.08,0.19,352.3,0.58,0.0,,64.22,65.12,71.42,66.92,61.34,63.86,24.8,33.4,23.9,41.3,0.0,N,42.73,
2024-05-30 09:20,47.48,45.86,47.3,48.02,82.65,0.39,352.2,0.78,0.0,,64.22,64.94,71.42,66.92,61.34,63.86,24.8,33.4,23.9,41.3,0.0,N,42.4,
2024-05-30 09:25,47.66,46.22,47.84,48.56,81.87,0.0,,0.0,0.0,,64.22,64.94,71.24,66.92,61.16,63.86,24.8,33.4,23.9,41.3,0.0,,42.33,
2024-05-30 09:30,47.84,46.04,47.84,48.56,81.15,0.78,291.5,2.33,0.0,,64.04,64.94,71.24,66.92,61.16,63.86,24.8,33.4,23.9,41.3,0.0,WNW,42.28,
2024-05-30 09:35,48.02,45.5,48.02,49.28,78.19,2.14,292.7,2.72,0.0,,64.04,64.94,71.24,66.74,61.16,63.86,24.8,33.4,24.0,41.3,0.0,WNW,41.49,
2024-05-30 09:40,48.02,44.96,47.66,49.1,77.79,1.56,273.4,2.33,0.0,,64.04,64.94,71.06,66.74,61.16,63.86,24.8,33.4,23.9,41.3,0.0,W,41.34,
2024-05-30 09:45,48.02,45.86,48.02,48.74,79.63,1.17,255.7,1.56,0.0,,63.86,64.76,71.06,66.74,61.16,63.86,24.8,33.4,24.0,41.3,0.0,WSW,41.95,
2024-05-30 09:50,48.02,46.22,48.2,48.92,78.28,1.56,240.7,1.75,0.0,,63.86,64.76,71.06,66.74,60.98,63.86,24.8,33.4,23.9,41.3,0.0,WSW,41.5,
2024-05-30 09:55,48.2,46.04,48.02,48.74,78.55,1.56,221.0,1.75,0.0,,63.86,64.76,70.88,66.74,60.98,63.86,24.8,33.4,24.0,41.3,0.0,SW,41.77,
2024-05-30 10:00,47.84,45.86,47.3,48.2,80.99,1.17,224.1,1.56,0.0,,63.86,64.76,70.88,66.74,60.98,63.86,24.8,33.4,24.0,41.3,0.0,SW,42.22,
2024-05-30 10:05,47.48,45.68,47.12,47.48,82.45,1.17,271.8,1.56,0.0,,63.68,64.58,70.88,66.74,60.98,63.86,24.8,33.4,23.9,41.3,0.0,W,42.35,
2024-05-30 10:10,46.94,45.14,46.4,46.94,83.04,1.56,311.8,2.14,0.0,,63.68,64.58,70.88,66.74,60.98,63.86,24.8,33.4,24.0,41.3,0.0,NW,42.01,
2024-05-30 10:15,46.58,44.96,46.04,47.3,82.84,2.92,313.2,3.3,0.0,,63.68,64.58,70.7,66.74,60.8,63.86,24.8,33.4,24.0,41.3,0.0,NW,41.59,
2024-05-30 10:20,46.4,44.6,46.04,46.76,83.94,2.33,300.7,2.92,0.0,,63.5,64.58,70.7,66.74,60.8,63.86,24.7,33.4,24.0,41.3,0.0,WNW,41.76,
2024-05-30 10:25,46.22,44.42,45.86,46.4,84.71,1.75,292.7,2.33,0.0,,63.5,64.58,70.7,66.56,60.8,63.86,24.7,33.3,24.0,41.3,0.0,WNW,41.81,
2024-05-30 10:30,46.04,44.24,45.5,46.04,84.93,1.36,298.6,1.75,0.0,,63.5,64.4,70.52,66.56,60.8,63.86,24.7,33.3,24.0,41.3,0.0,WNW,41.7,
2024-05-30 10:35,45.68,44.06,45.14,45.68,85.41,0.97,313.7,1.36,0.0,,63.5,64.4,70.52,66.56,60.62,63.86,24.7,33.3,24.0,41.3,0.0,NW,41.5,
2024-05-30 10:40,45.5,44.42,45.32,46.04,85.73,1.17,350.2,1.56,0.0,,63.32,64.4,70.52,66.56,60.62,63.86,24.7,33.3,24.0,41.3,0.0,N,41.43,
2024-05-30 10:45,45.68,44.6,45.86,46.58,84.85,1.56,344.1,1.75,0.0,,63.32,64.4,70.52,66.56,60.62,63.86,24.7,33.3,24.0,41.3,0.0,NNW,41.32,
2024-05-30 10:50,45.86,44.42,45.68,46.4,84.43,1.36,346.7,1.56,0.0,,63.32,64.22,70.34,66.56,60.62,63.86,24.7,33.3,23.9,41.3,0.0,NNW,41.38,
2024-05-30 10:55,45.68,44.6,45.5,46.58,84.59,1.56,346.8,1.75,0.0,,63.32,64.22,70.34,66.56,60.62,63.86,24.8,33.3,23.9,41.3,0.0,NNW,41.25,
2024-05-30 11:00,45.68,44.42,45.5,46.4,84.48,1.56,346.6,1.56,0.0,,63.14,64.22,70.34,66.56,60.44,63.86,24.8,33.3,23.9,41.3,0.0,NNW,41.22,
2024-05-30 11:05,45.68,44.24,45.32,46.22,84.92,1.17,311.7,1.56,0.0,,63.14,64.22,70.34,66.38,60.44,63.86,24.8,33.3,23.9,41.3,0.0,NW,41.36,
2024-05-30 11:10,45.68,43.88,45.32,46.04,85.4,1.56,268.5,1.94,1.0,,63.14,64.04,70.16,66.38,60.44,63.86,24.7,33.3,23.9,41.3,0.0,W,41.5,
2024-05-30 11:15,45.5,43.16,44.96,46.58,84.44,2.14,289.1,2.72,2.0,,62.96,64.04,70.16,66.38,60.44,63.86,24.7,33.3,23.9,41.3,0.0,WNW,41.04,
2024-05-30 11:20,45.5,43.52,45.32,46.22,83.53,2.33,306.7,2.72,4.0,,62.96,64.04,70.16,66.38,60.26,63.86,24.7,33.3,23.9,41.3,0.0,NW,40.75,
2024-05-30 11:25,45.5,43.88,45.14,45.86,84.07,1.94,326.9,2.14,6.0,,62.96,64.04,70.16,66.38,60.26,63.86,24.7,33.3,23.9,41.3,0.0,NNW,40.91,
2024-05-30 11:30,45.5,44.06,45.14,45.5,84.83,1.56,334.8,1.75,11.0,,62.96,63.86,69.98,66.38,60.26,63.86,24.7,33.3,23.9,41.3,0.0,NNW,41.14,
2024-05-30 11:35,45.68,44.06,44.96,45.5,85.45,1.56,309.9,1.75,29.0,,62.78,63.86,69.98,66.38,60.26,63.86,24.7,33.3,23.9,41.3,0.0,NW,41.52,
2024-05-30 11:40,46.22,43.88,44.96,45.32,84.69,1.56,284.1,2.53,43.0,,62.78,63.86,69.98,66.38,60.26,63.86,24.8,33.3,23.9,41.3,0.0,WNW,41.81,
2024-05-30 11:45,46.58,43.88,45.14,45.86,83.6,2.14,304.9,2.72,54.0,,62.78,63.86,69.8,66.2,60.08,63.86,24.8,33.3,23.9,41.3,0.0,NW,41.83,
2024-05-30 11:50,47.12,44.78,45.5,45.86,83.27,2.14,338.4,2.33,66.0,,62.78,63.86,69.8,66.2,60.08,63.86,24.8,33.3,23.9,41.3,0.0,NNW,42.24,
2024-05-30 11:55,47.84,45.32,45.86,46.22,82.8,1.36,357.0,2.14,78.0,,62.6,63.68,69.8,66.2,60.08,63.86,24.8,33.3,23.9,41.3,0.0,N,42.8,
2024-05-30 12:00,48.74,45.86,45.86,46.22,81.76,0.39,0.0,1.36,90.0,,62.6,63.68,69.8,66.2,60.08,63.86,24.8,33.3,23.9,41.3,0.0,N,43.36,
2024-05-30 12:05,49.46,45.68,45.86,46.22,79.3,0.0,,0.0,103.0,,62.6,63.68,69.62,66.2,59.9,63.86,24.8,33.3,23.9,41.3,0.0,,43.25,
2024-05-30 12:10,50.72,46.22,46.22,46.58,78.16,0.0,,0.0,116.0,,62.42,63.68,69.62,66.2,59.9,63.86,24.8,33.3,23.9,41.3,0.0,,44.1,
2024-05-30 12:15,52.52,46.76,46.58,46.94,74.48,0.0,,0.0,129.0,,62.42,63.5,69.62,66.2,59.9,63.86,24.8,33.2,23.9,41.3,0.0,,44.56,
2024-05-30 12:20,52.7,46.94,47.3,47.48,73.84,0.0,,0.0,144.0,,62.42,63.5,69.62,66.2,59.9,63.86,24.8,33.2,23.9,41.3,0.0,,44.51,
2024-05-30 12:25,53.06,47.66,48.02,48.02,73.44,0.0,,0.0,158.0,,62.42,63.5,69.62,66.02,59.9,63.86,24.8,33.2,23.9,41.3,0.0,,44.71,
